com.samsung.shealth.preferences,6311013,2
text_value,service_id,float_value,update_time,create_time,long_value,tag,blob_value,int_value,deviceuuid,pkg_name,double_value,datauuid
,,,2025-01-17 15:44:55.502,2024-06-21 08:13:05.798,,,,1,US7nt0+2+q,com.sec.android.app.shealth,,oobe.sensitive_data_available,
,,,2026-03-01 11:45:47.335,2024-06-21 08:13:09.508,,,,1,US7nt0+2+q,com.sec.android.app.shealth,,oobe.sensitive_data_agreement,
,,,2026-03-01 11:45:47.346,2024-06-21 08:13:09.522,,,,0,US7nt0+2+q,com.sec.android.app.shealth,,settings.marketing_agreement,
,tracker.cycle,,2025-01-15 09:32:22.413,2024-06-21 08:13:10.403,,,,1,US7nt0+2+q,com.sec.android.app.shealth,,37-disclaimer_agreed,
,,,2025-01-17 15:44:55.507,2024-06-21 08:13:10.949,,,,1,US7nt0+2+q,com.sec.android.app.shealth,,oobe.shd_access_authority_status,
,,,2024-06-21 08:13:14.853,2024-06-21 08:13:14.895,,,,1,US7nt0+2+q,com.sec.android.app.shealth,,settings.location_agreement,
,tracker.exercise,,2024-06-21 08:13:37.993,2024-06-21 08:13:38.108,,,,1,US7nt0+2+q,com.sec.android.app.shealth,,34-1001.autoPause.enable,
,tracker.exercise,,2026-01-16 15:30:44.355,2024-06-21 08:13:38.110,,,,0,US7nt0+2+q,com.sec.android.app.shealth,,34-during.audioGuide.enable,
"{""calories"":300.0,""distance"":1000,""duration"":1800000,""enable"":false,""pace_setter_id"":""100101005"",""type"":0}",tracker.exercise,,2026-03-04 13:39:54.437,2024-06-21 08:13:38.197,,,,,US7nt0+2+q,com.sec.android.app.shealth,,34-1001.target,
,,,2024-06-21 08:13:44.056,2024-06-21 08:13:44.157,,,,1,US7nt0+2+q,com.sec.android.app.shealth,,settings.map_location_agreement,
,,,2024-06-21 08:13:49.196,2024-06-21 08:13:49.268,,,,1,US7nt0+2+q,com.sec.android.app.shealth,,settings.weather_location_agree,
,tracker.exercise,,2024-06-21 08:13:49.959,2024-06-21 08:13:49.973,,,,1,US7nt0+2+q,com.sec.android.app.shealth,,34-1001.coaching.enable,
,,,2026-03-07 14:50:46.347,2024-06-21 08:14:18.150,,,,1,US7nt0+2+q,com.sec.android.app.shealth,,step.detectworkout_switch,
,,,2026-03-01 16:59:26.236,2024-06-21 08:14:39.618,,,,0,US7nt0+2+q,com.sec.android.app.shealth,,together.setting_gc_invitation,
,,,2026-03-01 16:59:26.236,2024-06-21 08:14:39.627,,,,0,US7nt0+2+q,com.sec.android.app.shealth,,together.setting_exposure_level,
,,,2026-03-01 16:59:26.236,2024-06-21 08:14:39.647,,,,0,US7nt0+2+q,com.sec.android.app.shealth,,together.setting_ld_auto_addition,
,tracker.exercise,,2026-02-04 08:30:11.822,2024-06-21 08:15:04.676,,,34-favorite_list2.blob_value.json,,US7nt0+2+q,com.sec.android.app.shealth,,34-favorite_list2,
,tracker.exercise,,2026-02-04 08:30:11.821,2024-06-21 08:15:04.689,,,34-workout_list2.blob_value.json,,US7nt0+2+q,com.sec.android.app.shealth,,34-workout_list2,
,,,2026-03-07 07:45:31.161,2024-06-21 08:16:36.183,,,water-target-settings.blob_value.json,,US7nt0+2+q,com.sec.android.app.shealth,,water-target-settings,
,,,2024-07-09 01:42:47.397,2024-07-09 01:42:47.419,,,,0,US7nt0+2+q,com.sec.android.app.shealth,,boost.card.selected_category,
,,,2024-07-09 01:42:47.398,2024-07-09 01:42:47.426,1720489367398,,,,US7nt0+2+q,com.sec.android.app.shealth,,mow.selected_time,
,,,2026-03-07 03:59:54.474,2024-07-09 01:43:02.893,,,sleep.watch_summary.blob_value.json,,US7nt0+2+q,com.sec.android.app.shealth,,sleep.watch_summary,
"{""2000"":""MOW_16"",""1000"":""CB_630_FC_4"",""3000"":""MOW_148"",""9999"":""MOW_71_1""}",,,2026-03-07 08:53:57.727,2024-07-13 03:08:17.901,,,,,US7nt0+2+q,com.sec.android.app.shealth,,mow.last_exposed_card_ids,
,tracker.sleep,,2024-08-30 07:31:06.176,2024-08-30 07:31:06.274,,,,0,US7nt0+2+q,com.sec.android.app.shealth,,06-snore_setting_new,
0,,,2025-01-24 03:36:10.730,2024-10-24 11:02:53.691,,,,,US7nt0+2+q,com.sec.android.app.shealth,,34-badges.DB.update,
,,,2025-01-17 15:44:26.656,2025-01-17 15:44:26.791,1737128666656,,,,US7nt0+2+q,com.sec.android.app.shealth,,shealth.6.29.upgrade.date,
,tracker.exercise,,2025-01-24 10:50:49.664,2025-01-24 10:50:49.741,,,,0,US7nt0+2+q,com.sec.android.app.shealth,,34-0.autoPause.enable,
,tracker.exercise,,2025-01-24 10:51:03.735,2025-01-24 10:51:03.884,,,,1,US7nt0+2+q,com.sec.android.app.shealth,,34-11007.coaching.enable,
,tracker.exercise,,2025-01-24 10:51:03.738,2025-01-24 10:51:03.890,,,,1,US7nt0+2+q,com.sec.android.app.shealth,,34-11007.autoPause.enable,
,,,2026-03-07 14:50:54.257,2025-03-02 16:24:16.867,1772895054257,,,,US7nt0+2+q,com.sec.android.app.shealth,,hsp.sync_time_hsp_bp,
,,,2026-03-07 14:51:10.457,2025-03-02 16:24:16.874,1772895070457,,,,US7nt0+2+q,com.sec.android.app.shealth,,hsp.sync_time_hsp_bg,
,,,2026-03-07 14:51:10.458,2025-03-02 16:24:16.903,1772895070458,,,,US7nt0+2+q,com.sec.android.app.shealth,,hsp.sync_time_hsp_a_session,
,,,2026-03-07 14:51:10.465,2025-03-02 16:24:49.876,1772895070465,,,,US7nt0+2+q,com.sec.android.app.shealth,,hsp.sync_time_hsp_nutrition,
,,,2026-03-07 14:51:36.720,2025-03-02 16:24:49.886,1772895096720,,,,US7nt0+2+q,com.sec.android.app.shealth,,hsp.sync_time_hsp_bo,
,,,2026-03-07 14:51:36.725,2025-03-02 16:25:16.149,1772895096724,,,,US7nt0+2+q,com.sec.android.app.shealth,,hsp.sync_time_hsp_hr,
,,,2026-03-07 14:51:36.736,2025-03-02 16:25:16.159,1772895096736,,,,US7nt0+2+q,com.sec.android.app.shealth,,hsp.sync_time_hsp_weight,
,,,2026-03-07 14:51:36.732,2025-03-02 16:25:16.170,1772895096732,,,,US7nt0+2+q,com.sec.android.app.shealth,,hsp.sync_time_hsp_s_session,
,,,2026-03-07 09:24:55.208,2025-03-02 16:33:20.668,1772875494997,,,,US7nt0+2+q,com.sec.android.app.shealth,,hsp.sync_time_bp,
,,,2026-03-07 09:33:39.263,2025-03-02 16:44:53.028,1772876019224,,,,US7nt0+2+q,com.sec.android.app.shealth,,hsp.sync_time_bg,
,,,2026-03-07 09:43:17.487,2025-03-02 16:53:30.309,1772876597452,,,,US7nt0+2+q,com.sec.android.app.shealth,,hsp.sync_time_weight,
,,,2026-03-07 09:54:51.172,2025-03-02 17:03:33.128,1772877291058,,,,US7nt0+2+q,com.sec.android.app.shealth,,hsp.sync_time_bo,
,,,2026-03-07 10:03:29.699,2025-03-02 17:14:11.289,1772877809578,,,,US7nt0+2+q,com.sec.android.app.shealth,,hsp.sync_time_sleep_session,
,,,2026-03-07 10:16:24.962,2025-03-02 18:21:50.054,1772878584952,,,,US7nt0+2+q,com.sec.android.app.shealth,,hsp.sync_time_heart_rate,
,,,2026-03-07 10:34:59.089,2025-03-02 18:21:50.107,1772879698976,,,,US7nt0+2+q,com.sec.android.app.shealth,,hsp.sync_time_exercise,
,,,2026-03-07 10:23:02.070,2025-03-02 18:21:50.125,1772878982027,,,,US7nt0+2+q,com.sec.android.app.shealth,,hsp.sync_time_nutrition,
,,,2026-03-07 14:14:57.745,2025-03-02 18:30:29.825,1772892892110,,,,US7nt0+2+q,com.sec.android.app.shealth,,hsp.sync_time_step,
"{""calories"":300.0,""distance"":1000,""duration"":30000,""enable"":true,""reps"":{""count"":10,""rest"":60000,""rest_type"":""time"",""set"":3,""set_time"":60000,""type"":""count""},""type"":13}",tracker.exercise,,2025-03-24 01:05:31.032,2025-03-24 01:05:31.065,,,,,US7nt0+2+q,com.sec.android.app.shealth,,34-10004.target,
"{""calories"":300.0,""distance"":1000,""duration"":30000,""enable"":true,""reps"":{""count"":10,""rest"":60000,""rest_type"":""time"",""set"":3,""set_time"":60000,""type"":""set_time""},""type"":13}",tracker.exercise,,2025-03-24 01:06:24.927,2025-03-24 01:06:24.984,,,,,US7nt0+2+q,com.sec.android.app.shealth,,34-10025.target,
"{""calories"":300.0,""distance"":1000,""duration"":30000,""enable"":true,""reps"":{""count"":10,""rest"":60000,""rest_type"":""time"",""set"":3,""set_time"":60000,""type"":""count""},""type"":13}",tracker.exercise,,2025-03-24 01:06:44.270,2025-03-24 01:06:44.296,,,,,US7nt0+2+q,com.sec.android.app.shealth,,34-10023.target,
"{""calories"":300.0,""distance"":1000,""duration"":1800000,""enable"":true,""type"":13}",tracker.exercise,,2025-03-24 01:07:53.317,2025-03-24 01:07:53.349,,,,,US7nt0+2+q,com.sec.android.app.shealth,,34-51001.target,
,tracker.exercise,,2025-04-06 15:45:47.492,2025-04-06 15:45:47.500,,,,1,US7nt0+2+q,com.sec.android.app.shealth,,34-stats.on.locked.screen.enable,
,,,2025-04-06 16:43:17.855,2025-04-06 16:43:17.907,,,phr.india.oobe_status.blob_value.json,,US7nt0+2+q,com.sec.android.app.shealth,,phr.india.oobe_status,
,,,2025-04-16 16:57:31.330,2025-04-16 16:57:28.897,,,water-cup-settings_capability.blob_value.json,,US7nt0+2+q,com.sec.android.app.shealth,,water-cup-settings_capability,
1772900400000-1772902800000,tracker.sleep,,2026-03-07 14:50:43.465,2025-07-15 05:00:03.062,,,,,US7nt0+2+q,com.sec.android.app.shealth,,sleep_guidance_updated_bed_time,
,tracker.sleep,,2025-07-15 05:05:33.708,2025-07-15 05:05:33.732,25200000,,,,US7nt0+2+q,com.sec.android.app.shealth,,sleep_guidance_user_wakeup_time,
,tracker.sleep,,2025-07-20 07:47:19.166,2025-07-20 07:47:19.234,,,,0,US7nt0+2+q,com.sec.android.app.shealth,,06-snore.setting.option_new,
mdtwwe5b_2i5,tracker.exercise,,2025-08-02 07:09:18.766,2025-08-02 07:09:18.766,,,,,US7nt0+2+q,com.sec.android.app.shealth,,34-exercise.periodization.active.id,
,mood,,2025-08-03 17:43:36.556,2025-08-03 17:43:36.556,,,mindfulness.settings.blob_value.json,,US7nt0+2+q,com.sec.android.app.shealth,,mindfulness.settings,
,mood,,2026-02-16 04:32:46.873,2025-08-03 17:43:40.770,,,,5,US7nt0+2+q,com.sec.android.app.shealth,,83-mood.long_exhale_breathe_settings,
,mood,,2026-02-16 04:32:46.881,2025-08-03 17:43:40.776,,,,5,US7nt0+2+q,com.sec.android.app.shealth,,83-mood.box_breathe_settings,
,mood,,2026-02-16 04:32:46.887,2025-08-03 17:43:40.780,,,,5,US7nt0+2+q,com.sec.android.app.shealth,,83-mood.equal_breathe_settings,
,,,2025-08-03 17:43:51.087,2025-08-03 17:43:51.093,,,,1,US7nt0+2+q,com.sec.android.app.shealth,,stress.breath_sound,
,tracker.vascular_load,,2025-09-19 16:29:25.813,2025-09-19 16:29:25.833,,,,1,US7nt0+2+q,com.sec.android.app.shealth,,45-vascular.load.onboarding,
,tracker.exercise,,2025-11-09 06:25:48.723,2025-09-26 19:51:11.663,,,,0,US7nt0+2+q,com.sec.android.app.shealth,,34-cumulative.values.reset,
,tracker.exercise,,2025-10-09 01:54:06.855,2025-10-09 01:54:06.877,1759968000000,,,,US7nt0+2+q,com.sec.android.app.shealth,,34-streak.initiation.date,
"{""a"":7,""b"":1759991703214,""c"":1772865936127,""d"":""""}",tracker.exercise,,2026-03-07 01:17:36.128,2025-10-09 01:54:06.910,,,,,US7nt0+2+q,com.sec.android.app.shealth,,34-streak.week.info,
,tracker.exercise,,2025-11-07 03:56:30.496,2025-11-07 03:56:30.650,,,,1,US7nt0+2+q,com.sec.android.app.shealth,,34-1002.autoPause.enable,
,,,2026-03-07 14:46:28.915,2026-01-17 03:22:09.130,1772894788915,,,,US7nt0+2+q,com.sec.android.app.shealth,,websync.strava_last_sync_time,
,,,2026-03-06 22:57:23.144,2026-01-17 22:47:20.038,1772837843128,,,,US7nt0+2+q,com.sec.android.app.shealth,,websync.last_ga_logged_time,
"{""calories"":300.0,""distance"":1000,""duration"":1800000,""enable"":false,""type"":0}",tracker.exercise,,2026-02-12 03:02:21.840,2026-01-19 18:09:44.946,,,,,US7nt0+2+q,com.sec.android.app.shealth,,34-0.target,
,tracker.exercise,,2026-01-19 18:09:45.359,2026-01-19 18:09:45.366,,,,1,US7nt0+2+q,com.sec.android.app.shealth,,34-0.coaching.enable,
,tracker.exercise,,2026-01-19 18:11:13.388,2026-01-19 18:11:13.396,,,,1,US7nt0+2+q,com.sec.android.app.shealth,,34-10007.coaching.enable,
,tracker.exercise,,2026-01-19 18:11:13.609,2026-01-19 18:11:13.614,,,,0,US7nt0+2+q,com.sec.android.app.shealth,,34-10007.autoPause.enable,
"{""calories"":300.0,""distance"":1000,""duration"":1800000,""enable"":false,""type"":0}",tracker.exercise,,2026-03-07 01:15:32.050,2026-01-30 01:40:18.230,,,,,US7nt0+2+q,com.sec.android.app.shealth,,34-1002.target,
,tracker.exercise,,2026-01-30 01:40:18.887,2026-01-30 01:40:18.902,,,,1,US7nt0+2+q,com.sec.android.app.shealth,,34-1002.coaching.enable,
,tracker.exercise,10293.94,2026-03-07 01:17:36.123,2026-01-30 02:18:11.350,,,,,US7nt0+2+q,com.sec.android.app.shealth,,34-1002.cumulative.distance,
,mood,,2026-03-03 07:40:07.151,2026-03-03 07:40:07.151,,,83-mood.settings.blob_value.json,,US7nt0+2+q,com.sec.android.app.shealth,,83-mood.settings,
