com.samsung.health.food_info,6311013,7
potassium,vitamin_a,vitamin_c,vitamin_d,cholesterol,description,custom,provider_food_id,metric_serving_amount,sodium,dietary_fiber,total_fat,update_time,create_time,monosaturated_fat,protein,polysaturated_fat,iron,name,sugar,added_sugar,calcium,calorie,serving_description,info_provider,deviceuuid,metric_serving_unit,saturated_fat,trans_fat,pkg_name,carbohydrate,unit_count_per_calorie,datauuid,default_number_of_serving_unit
,0.0,0.0,0.0,,,,fatsecret-2374872,0,,,1.96,2025-01-17 15:51:24.011,2025-01-17 15:51:24.011,,2.3,,0.0,Dosa(Saravana Bhavan),,,0.0,80.0,serving,,US7nt0+2+q,,,,com.sec.android.app.shealth,17.0,,e201e48f-2f11-490c-b0a5-727df1e057b3,1,
,0.0,0.0,0.0,0.0,,,fatsecret-109432100,54,232.0,7.0,2.7,2026-02-06 13:56:03.679,2026-02-04 15:16:02.113,,12.8,,0.0,Double Protein Bread(Protein Chef),1.2,,0.0,146.0,serving,,US7nt0+2+q,g,0.0,0.0,com.sec.android.app.shealth,17.6,0.369863,1c284fb1-2dc8-4847-8f3c-6a07a9ac9aed,1,
,0.0,0.0,0.0,0.0,,,fatsecret-19087989,32,20.0,3.0,16.0,2026-02-06 13:56:03.711,2026-02-04 15:16:02.114,,10.0,,0.0,Peanut Butter(Pintola),1.0,,0.0,204.0,serving,,US7nt0+2+q,g,2.0,0.0,com.sec.android.app.shealth,6.0,0.15686275,c44524f6-aec6-4586-aecd-fbf9f6cb89c2,1,
70.0,0.0,0.0,0.0,0.0,,,fatsecret-92462971,50,115.0,6.0,6.0,2026-02-04 15:16:34.634,2026-02-04 15:16:34.634,0.0,3.0,0.0,0.0,Chapati(Kawan),1.0,,0.0,160.0,serving,,US7nt0+2+q,g,3.5,0.0,com.sec.android.app.shealth,23.0,0.3125,ecb9934a-7c95-45dd-9306-ecedf63575b6,1,
516.0,0.82,10.833333,0.0,13.0,,,fatsecret-7210178,196,370.0,8.7,6.32,2026-02-04 15:18:11.970,2026-02-04 15:18:11.970,2.116,10.36,0.728,24.11111,Dal,4.57,,6.0,198.0,cup,,US7nt0+2+q,g,2.878,,com.sec.android.app.shealth,26.18,0.989899,b58d5a68-8775-4021-827d-b71812270db2,1,
,0.0,0.0,0.0,,,,fatsecret-13023255,50,70.0,5.0,1.0,2026-02-05 15:15:22.457,2026-02-04 15:18:11.970,,3.0,,0.0,Chapati(Aashirvaad),0.5,,0.0,120.0,serving,,US7nt0+2+q,g,,,com.sec.android.app.shealth,16.0,0.41666666,3e4a037b-c95f-42ed-9b52-d594aa2478be,1,
67.0,1.4,0.0,0.0,212.0,,,fatsecret-3092,50,70.0,0.0,4.97,2026-02-04 15:18:11.971,2026-02-04 15:18:11.971,1.905,6.29,0.682,5.111111,Egg,0.38,,2.6,74.0,large,,US7nt0+2+q,g,1.55,,com.sec.android.app.shealth,0.38,0.6756757,e1d0dffb-d0bf-4ae1-99ce-425a510165aa,1,
,0.0,0.0,0.0,,,,fatsecret-80397208,91,200.0,,16.6,2026-02-04 15:19:57.299,2026-02-04 15:19:57.299,,15.9,,0.0,1Pc Hot Crispy Chicken(KFC),0.0,,0.0,265.0,serving,,US7nt0+2+q,g,6.6,0.04,com.sec.android.app.shealth,12.9,0.34339622,01615963-c93c-462e-b60d-dad08f69120d,1,
,0.0,0.0,0.0,,,,fatsecret-80396577,75,300.0,,16.7,2026-02-04 15:19:57.301,2026-02-04 15:19:57.301,,12.1,,0.0,2Pc Hot Wings(KFC),0.0,,0.0,267.0,serving,,US7nt0+2+q,g,6.6,0.04,com.sec.android.app.shealth,17.1,0.28089887,e47316c7-ce1a-4394-9dc8-c0082c307068,1,
,0.0,0.0,0.0,,,,fatsecret-80396605,276,900.0,,37.3,2026-02-04 15:19:57.301,2026-02-04 15:19:57.301,,54.1,,0.0,6Pc Boneless Strips(KFC),0.0,,0.0,717.0,serving,,US7nt0+2+q,g,16.3,0.06,com.sec.android.app.shealth,41.3,0.38493723,7354efd9-8d75-4d8c-9d02-8bc0691225a4,1,
0.0,0.0,0.0,0.0,0.0,,,fatsecret-70658694,100,17.0,15.5,9.3,2026-02-04 15:24:37.595,2026-02-04 15:24:37.595,2.0,13.6,3.0,0.0,Rolled Oats(Yoga Bar),0.0,,0.0,407.0,serving,,US7nt0+2+q,g,1.6,0.0,com.sec.android.app.shealth,67.3,0.24570024,2263209f-7e3c-4381-8038-07617e1bdf3d,1,
190.0,1.0,0.0,0.0,6.0,"135.0 kcal, 1",,quickinput-d8aa24de-b135-452f-9362-6c91efc5d750,1,18.0,3.2,7.0,2026-02-06 13:56:57.246,2026-02-05 06:04:13.850,0.0,6.5,0.0,8.0,Protein ladoo,6.0,0.0,4.0,135.0,serving,,US7nt0+2+q,120001,2.3,0.0,com.sec.android.app.shealth,15.0,1.0,eb0cb5b9-cd56-4cb7-9f6c-e6e9fb13dd23,1,
,0.0,0.0,0.0,84.0,,,fatsecret-14656465,100,20.0,,28.0,2026-02-05 08:32:12.102,2026-02-05 08:32:12.102,,21.4,,0.0,Paneer(Nandini),1.5,,0.0,344.0,serving,,US7nt0+2+q,g,18.2,0.0,com.sec.android.app.shealth,1.5,0.29069766,09e1d75c-10ea-4584-a929-418fa791a7d5,1,
,0.0,0.0,0.0,0.0,,,fatsecret-67525934,80,242.0,1.5,11.38,2026-02-06 14:35:27.124,2026-02-05 08:32:12.103,3.98,7.74,2.63,0.0,Malabar Parota(ID),0.0,,0.0,244.0,serving,,US7nt0+2+q,g,4.17,0.0,com.sec.android.app.shealth,27.78,0.32786885,e49ab8f0-5d43-46ca-8e49-edc48b718d20,1,
48.0,0.0,0.0,0.0,0.0,,,fatsecret-37890,1,1.0,0.1,0.01,2026-02-05 08:57:39.029,2026-02-05 08:57:39.029,0.0,0.1,0.002,0.055555556,"Tea (Lemon Flavored, Instant Powder, Unsweetened)",0.06,,0.0,5.0,"tsp, rounded",,US7nt0+2+q,g,0.001,,com.sec.android.app.shealth,1.1,0.28,48908e68-d344-4391-8987-ea810620d675,1,
500.0,1.18,19.333334,0.0,126.0,,,fatsecret-40099721,252,722.0,2.7,27.66,2026-02-05 15:15:22.477,2026-02-05 15:15:22.477,12.571,41.32,5.656,25.277779,Lemon Garlic Chicken,0.79,,12.3,450.0,cup,,US7nt0+2+q,g,6.991,,com.sec.android.app.shealth,8.36,0.56,a5c4abde-dbf8-4fbf-bfe7-6bc4f3c375e4,1,
25.0,0.0,0.0,0.0,0.0,,,fatsecret-38820,25,170.0,0.6,0.82,2026-02-06 13:56:41.959,2026-02-06 13:56:41.959,0.17,1.91,0.339,5.2222223,White Bread,1.08,,3.8,66.0,slice,,US7nt0+2+q,g,0.179,,com.sec.android.app.shealth,12.65,0.37878788,ed1bbb6b-0b6e-4426-916e-a75eb0346b0f,1,
63.0,1.68,0.0,0.0,211.0,,,fatsecret-3094,50,139.0,0.0,5.28,2026-02-06 14:35:27.197,2026-02-06 14:35:27.197,2.03,6.26,0.704,3.3333335,Boiled Egg,0.56,,2.5,77.0,large,,US7nt0+2+q,g,1.627,,com.sec.android.app.shealth,0.56,0.64935064,62adb641-f968-4ba4-8b40-64f23f4790b5,1,
0.0,0.0,0.0,0.0,0.0,"196.0 kcal, 1",,quickinput-1a2add4d-541f-4286-886d-4e9ad22e18cc,1,0.0,2.0,8.0,2026-02-06 18:55:42.278,2026-02-06 18:54:38.184,0.0,22.0,0.0,0.0,Chicken soup,0.0,0.0,0.0,196.0,serving,,US7nt0+2+q,120001,0.0,0.0,com.sec.android.app.shealth,9.0,1.0,3c24d523-2d8b-4c67-a125-f289fc344aa1,1,
246.0,1.56,12.833333,0.0,51.0,,,fatsecret-63769324,140,449.0,1.8,8.26,2026-02-06 18:55:42.302,2026-02-06 18:55:42.302,2.457,18.9,1.691,16.222221,Grilled Chicken Sandwich,3.13,,10.5,272.0,sandwich,,US7nt0+2+q,g,3.184,,com.sec.android.app.shealth,29.67,0.5147059,ebae8079-fe9d-48ad-acf8-6242c13118d0,1,
