com.samsung.shealth.social.public_challenge.leaderboard,6311013,1
update_time,create_time,body,pcid,type,deviceuuid,pkg_name,last_sync_time,datauuid
2025-01-29 05:12:29.132,2025-01-17 15:47:25.316,7b8304ad-2fdb-4fe4-89a4-4287b7924768.body.json,25010001,1,US7nt0+2+q,com.sec.android.app.shealth,1738127549119,7b8304ad-2fdb-4fe4-89a4-4287b7924768,
2025-01-29 05:12:29.426,2025-01-17 15:47:25.337,4cc8ea64-da1a-411c-9893-fc94d7999d3d.body.json,25010001,0,US7nt0+2+q,com.sec.android.app.shealth,1738127549411,4cc8ea64-da1a-411c-9893-fc94d7999d3d,
2025-02-02 02:14:10.322,2025-02-02 02:14:10.322,b5c8364d-bfca-4211-bc97-4a43cf9ea4de.body.json,25020001,1,US7nt0+2+q,com.sec.android.app.shealth,1738462450301,b5c8364d-bfca-4211-bc97-4a43cf9ea4de,
2025-02-02 02:14:10.357,2025-02-02 02:14:10.357,89ff3595-0ee3-4a14-9e84-a302e7338d0e.body.json,25020001,0,US7nt0+2+q,com.sec.android.app.shealth,1738462450335,89ff3595-0ee3-4a14-9e84-a302e7338d0e,
2025-04-11 13:28:51.918,2025-04-04 09:25:30.320,32b7d246-0854-45c4-8698-07db82215ceb.body.json,25040001,1,US7nt0+2+q,com.sec.android.app.shealth,1744378131911,32b7d246-0854-45c4-8698-07db82215ceb,
2025-04-11 13:28:51.769,2025-04-04 09:25:30.336,48dd099e-c299-4bd3-b763-a9635bbb6f16.body.json,25040001,0,US7nt0+2+q,com.sec.android.app.shealth,1744378131759,48dd099e-c299-4bd3-b763-a9635bbb6f16,
2025-05-01 07:11:04.555,2025-05-01 07:11:04.555,f156ead0-8017-4b25-8f65-db206e2cda48.body.json,25050001,1,US7nt0+2+q,com.sec.android.app.shealth,1746083464520,f156ead0-8017-4b25-8f65-db206e2cda48,
2025-05-01 07:11:04.680,2025-05-01 07:11:04.680,f589abd5-3e89-40af-a39c-11bfdb67c3aa.body.json,25050001,0,US7nt0+2+q,com.sec.android.app.shealth,1746083464649,f589abd5-3e89-40af-a39c-11bfdb67c3aa,
2025-06-01 02:56:59.356,2025-06-01 02:56:47.086,7dd8fc38-0766-4721-b439-c3b6e2ae1cb3.body.json,25060001,1,US7nt0+2+q,com.sec.android.app.shealth,1748746619341,7dd8fc38-0766-4721-b439-c3b6e2ae1cb3,
2025-06-01 02:56:59.431,2025-06-01 02:56:47.158,00e5cf1b-51f7-4e28-abcf-e05c859d6088.body.json,25060001,0,US7nt0+2+q,com.sec.android.app.shealth,1748746619417,00e5cf1b-51f7-4e28-abcf-e05c859d6088,
2025-08-29 11:26:31.664,2025-08-01 07:43:45.950,738aab23-132a-4760-8735-63c50d3848c4.body.json,25080001,0,US7nt0+2+q,com.sec.android.app.shealth,1756466791655,738aab23-132a-4760-8735-63c50d3848c4,
2025-08-29 11:26:31.899,2025-08-01 07:43:46.204,1a0725a5-73ff-4820-80a0-69aeade12aca.body.json,25080001,1,US7nt0+2+q,com.sec.android.app.shealth,1756466791888,1a0725a5-73ff-4820-80a0-69aeade12aca,
2025-08-03 08:42:36.153,2025-08-03 08:41:49.676,9fb20b78-543e-4068-91f4-5166ac2756e5.body.json,25080002,0,US7nt0+2+q,com.sec.android.app.shealth,1754210556144,9fb20b78-543e-4068-91f4-5166ac2756e5,
2025-08-03 08:42:36.223,2025-08-03 08:41:49.898,415a87db-53f0-46ab-87de-d8947b770a53.body.json,25080002,1,US7nt0+2+q,com.sec.android.app.shealth,1754210556216,415a87db-53f0-46ab-87de-d8947b770a53,
2025-09-02 19:43:16.908,2025-09-02 19:43:16.908,4cb293fd-acaa-4e26-910f-f69e625d1f7b.body.json,25090001,0,US7nt0+2+q,com.sec.android.app.shealth,1756842196880,4cb293fd-acaa-4e26-910f-f69e625d1f7b,
2025-09-02 19:43:17.192,2025-09-02 19:43:17.192,942e9732-949a-468e-b8fd-7ce43173fc00.body.json,25090001,1,US7nt0+2+q,com.sec.android.app.shealth,1756842197153,942e9732-949a-468e-b8fd-7ce43173fc00,
2025-10-06 16:24:09.620,2025-10-06 16:24:09.620,252231c7-c5d0-4f06-b0fa-b7507018b801.body.json,25100001,1,US7nt0+2+q,com.sec.android.app.shealth,1759767849591,252231c7-c5d0-4f06-b0fa-b7507018b801,
2025-10-06 16:24:09.663,2025-10-06 16:24:09.663,dcf739af-6f9f-4cf1-8097-27bdb7681eb9.body.json,25100001,0,US7nt0+2+q,com.sec.android.app.shealth,1759767849625,dcf739af-6f9f-4cf1-8097-27bdb7681eb9,
2025-11-02 04:47:19.600,2025-11-01 04:09:03.962,6355c603-28b8-46e0-97f7-f73df3611aea.body.json,25110002,0,US7nt0+2+q,com.sec.android.app.shealth,1762058839588,6355c603-28b8-46e0-97f7-f73df3611aea,
2025-11-02 04:47:19.886,2025-11-01 04:09:04.394,cdd5d830-1afb-4dc3-8a1f-d73e996e8a15.body.json,25110002,1,US7nt0+2+q,com.sec.android.app.shealth,1762058839870,cdd5d830-1afb-4dc3-8a1f-d73e996e8a15,
2025-12-02 09:04:32.580,2025-12-02 09:04:32.580,66cdd968-d8af-4c4f-ac72-cef516de56a9.body.json,25120002,0,US7nt0+2+q,com.sec.android.app.shealth,1764666272558,66cdd968-d8af-4c4f-ac72-cef516de56a9,
2025-12-02 09:04:32.749,2025-12-02 09:04:32.749,a335856d-3747-4ac1-991a-434ba1ec38eb.body.json,25120002,1,US7nt0+2+q,com.sec.android.app.shealth,1764666272726,a335856d-3747-4ac1-991a-434ba1ec38eb,
2026-02-03 15:35:59.015,2026-01-02 03:23:42.412,44d850e2-7ecc-4597-86d4-46a8b8c8b14e.body.json,26010001,1,US7nt0+2+q,com.sec.android.app.shealth,1770132958998,44d850e2-7ecc-4597-86d4-46a8b8c8b14e,
2026-02-03 15:35:59.035,2026-01-02 03:23:42.423,4bbfe24a-cef5-419f-91d8-6a48eea1b03a.body.json,26010001,0,US7nt0+2+q,com.sec.android.app.shealth,1770132958996,4bbfe24a-cef5-419f-91d8-6a48eea1b03a,
2026-02-26 04:12:52.876,2026-02-02 18:13:03.614,d4bfe0a5-c585-48de-be0a-81fe9a4c79ac.body.json,26020001,0,US7nt0+2+q,com.sec.android.app.shealth,1772079172852,d4bfe0a5-c585-48de-be0a-81fe9a4c79ac,
2026-02-26 04:12:52.851,2026-02-02 18:13:03.874,4e7719e2-5f71-424f-9c6f-d1dd8f08baba.body.json,26020001,1,US7nt0+2+q,com.sec.android.app.shealth,1772079172836,4e7719e2-5f71-424f-9c6f-d1dd8f08baba,
2026-02-14 18:15:40.377,2026-02-10 10:57:24.905,5bffa439-b96a-4378-848a-0d9208c62794.body.json,26010007,0,US7nt0+2+q,com.sec.android.app.shealth,1771092940357,5bffa439-b96a-4378-848a-0d9208c62794,
2026-02-14 18:15:40.359,2026-02-10 10:57:25.229,80392ab2-6762-49de-8ef3-de2001c5db94.body.json,26010007,1,US7nt0+2+q,com.sec.android.app.shealth,1771092940349,80392ab2-6762-49de-8ef3-de2001c5db94,
2026-02-14 18:15:51.639,2026-02-10 10:57:59.005,597f4940-917f-43df-8cdf-d76f5c896355.body.json,26020002,0,US7nt0+2+q,com.sec.android.app.shealth,1771092951627,597f4940-917f-43df-8cdf-d76f5c896355,
2026-02-14 18:15:51.898,2026-02-10 10:57:59.265,e7b1c2a1-dce1-4a6e-b1a2-fa31f82e0ff4.body.json,26020002,1,US7nt0+2+q,com.sec.android.app.shealth,1771092951890,e7b1c2a1-dce1-4a6e-b1a2-fa31f82e0ff4,
2026-03-01 16:58:55.512,2026-03-01 16:58:55.512,4a2ba26d-b59e-4f08-99b3-7b9940ec102c.body.json,26030001,0,US7nt0+2+q,com.sec.android.app.shealth,1772384335481,4a2ba26d-b59e-4f08-99b3-7b9940ec102c,
2026-03-01 16:58:55.732,2026-03-01 16:58:55.732,f4b5eef1-148e-4084-9261-340decf46547.body.json,26030001,1,US7nt0+2+q,com.sec.android.app.shealth,1772384335710,f4b5eef1-148e-4084-9261-340decf46547,
