com.samsung.health.user_profile,6311013,10
text_value,create_sh_ver,float_value,modify_sh_ver,update_time,create_time,long_value,key,blob_value,int_value,deviceuuid,pkg_name,double_value,datauuid
kg,,,,1970-01-01 00:00:00.001,1970-01-01 00:00:00.001,,weight_unit,,,US7nt0+2+q,com.sec.android.app.shealth,,00000000-0000-0000-0000-000000000007,
cm,,,,1970-01-01 00:00:00.001,1970-01-01 00:00:00.001,,height_unit,,,US7nt0+2+q,com.sec.android.app.shealth,,00000000-0000-0000-0000-000000000009,
km,,,,1970-01-01 00:00:00.001,1970-01-01 00:00:00.001,,distance_unit,,,US7nt0+2+q,com.sec.android.app.shealth,,00000000-0000-0000-0000-00000000000c,
C,,,,1970-01-01 00:00:00.001,1970-01-01 00:00:00.001,,temperature_unit,,,US7nt0+2+q,com.sec.android.app.shealth,,00000000-0000-0000-0000-00000000000d,
mg/dL,,,,1970-01-01 00:00:00.001,1970-01-01 00:00:00.001,,blood_glucose_unit,,,US7nt0+2+q,com.sec.android.app.shealth,,00000000-0000-0000-0000-00000000000e,
%,,,,1970-01-01 00:00:00.001,1970-01-01 00:00:00.001,,hba1c_unit,,,US7nt0+2+q,com.sec.android.app.shealth,,00000000-0000-0000-0000-000000000012,
mmHg,,,,1970-01-01 00:00:00.001,1970-01-01 00:00:00.001,,blood_pressure_unit,,,US7nt0+2+q,com.sec.android.app.shealth,,00000000-0000-0000-0000-000000000013,
ml,,,,1970-01-01 00:00:00.001,1970-01-01 00:00:00.001,,water_unit,,,US7nt0+2+q,com.sec.android.app.shealth,,00000000-0000-0000-0000-000000000014,
IND,62670070,,62670070,2024-06-21 08:13:05.818,2024-06-21 08:13:05.822,,country,,,US7nt0+2+q,com.sec.android.app.shealth,,00000000-0000-0000-0000-000000000001,
20050904,62670070,,62670070,2024-06-21 08:13:05.818,2024-06-21 08:13:05.826,,birth_date,,,US7nt0+2+q,com.sec.android.app.shealth,,00000000-0000-0000-0000-00000000000a,
,62670070,,63110130,2026-03-07 01:17:36.251,2024-06-21 08:14:00.576,,iconx_step_calibration,00000000-0000-0000-0000-00000000001e.iconx_step_calibration.json,,US7nt0+2+q,com.sec.android.app.shealth,,00000000-0000-0000-0000-00000000001e,
919483020425,62670070,,63070030,2026-02-25 14:36:16.069,2024-06-21 08:14:34.420,,phone_number,,,US7nt0+2+q,com.sec.android.app.shealth,,00000000-0000-0000-0000-000000000021,
125433619,62670070,,62900750,2025-01-17 15:45:06.588,2024-06-21 08:14:39.636,,social_id,,,US7nt0+2+q,com.sec.android.app.shealth,,00000000-0000-0000-0000-000000000015,
,62670070,66.9,63110130,2026-03-05 01:25:11.449,2024-06-21 08:16:14.749,,weight,,,US7nt0+2+q,com.sec.android.app.shealth,,00000000-0000-0000-0000-000000000006,
,62670070,,63020270,2025-07-01 18:50:30.224,2024-06-21 08:16:48.918,,dashboard_config,00000000-0000-0000-0000-000000000016.dashboard_config.json,,US7nt0+2+q,com.sec.android.app.shealth,,00000000-0000-0000-0000-000000000016,
M,62710150,,62710150,2024-08-13 16:30:39.153,2024-08-13 16:30:39.174,,gender_extended,,,US7nt0+2+q,com.sec.android.app.shealth,,00000000-0000-0000-0000-000000000022,
HarshCN,62710150,,62710150,2024-08-13 16:30:39.156,2024-08-13 16:30:39.177,,name,,,US7nt0+2+q,com.sec.android.app.shealth,,00000000-0000-0000-0000-000000000004,
M,62710150,,62710150,2024-08-13 16:30:39.153,2024-08-13 16:30:39.419,,gender,,,US7nt0+2+q,com.sec.android.app.shealth,,00000000-0000-0000-0000-000000000005,
,62710150,,62710150,2024-08-13 16:30:39.150,2024-08-13 16:30:39.480,,activity_type,,180003,US7nt0+2+q,com.sec.android.app.shealth,,00000000-0000-0000-0000-00000000000b,
,62710150,173.0,63030110,2025-08-07 09:41:50.817,2024-08-13 16:30:39.498,,height,,,US7nt0+2+q,com.sec.android.app.shealth,,00000000-0000-0000-0000-000000000008,
,62950170,,62950170,2025-04-06 16:36:10.511,2025-04-06 16:36:10.517,,image,00000000-0000-0000-0000-000000000002.image.jpg,,US7nt0+2+q,com.sec.android.app.shealth,,00000000-0000-0000-0000-000000000002,
image/jpeg,62950170,,62950170,2025-04-06 16:36:10.505,2025-04-06 16:36:10.557,,image_type,,,US7nt0+2+q,com.sec.android.app.shealth,,00000000-0000-0000-0000-000000000018,
,63070030,,63070030,2026-01-19 18:13:07.122,2026-01-19 18:13:07.127,,intention_survey,00000000-0000-0000-0000-00000000001c.intention_survey.json,,US7nt0+2+q,com.sec.android.app.shealth,,00000000-0000-0000-0000-00000000001c,
