com.samsung.health.water_intake,6311013,6
start_time,amount,custom,update_time,create_time,client_data_id,client_data_ver,time_offset,deviceuuid,unit_amount,comment,pkg_name,datauuid
2024-08-13 16:28:32.075,250.0,,2024-08-13 16:28:32.078,2024-08-13 16:28:32.078,,,UTC+0530,US7nt0+2+q,250.0,,com.sec.android.app.shealth,a2ac818d-6949-488b-973b-32fc3ae345cd,
2024-08-13 16:28:33.332,250.0,,2024-08-13 16:28:33.337,2024-08-13 16:28:33.337,,,UTC+0530,US7nt0+2+q,250.0,,com.sec.android.app.shealth,2dab5c4f-21c9-4405-84a2-4064948bc0eb,
2024-08-13 16:28:33.801,250.0,,2024-08-13 16:28:33.804,2024-08-13 16:28:33.804,,,UTC+0530,US7nt0+2+q,250.0,,com.sec.android.app.shealth,49bf28d2-25cc-4d7c-b3f4-47d1fd1c9a2e,
2024-08-13 16:28:34.691,250.0,,2024-08-13 16:28:34.693,2024-08-13 16:28:34.693,,,UTC+0530,US7nt0+2+q,250.0,,com.sec.android.app.shealth,025c77ee-0187-444f-bc80-cf62dd694d49,
2024-08-13 16:28:36.536,250.0,,2024-08-13 16:28:36.539,2024-08-13 16:28:36.539,,,UTC+0530,US7nt0+2+q,250.0,,com.sec.android.app.shealth,e9a7612a-ed05-43fa-82cb-c4c2ec207e37,
2024-08-13 16:28:36.952,250.0,,2024-08-13 16:28:36.954,2024-08-13 16:28:36.954,,,UTC+0530,US7nt0+2+q,250.0,,com.sec.android.app.shealth,a60793f5-ecfb-4596-8ffc-e6c9ee25780b,
2024-08-13 16:28:37.571,250.0,,2024-08-13 16:28:37.573,2024-08-13 16:28:37.573,,,UTC+0530,US7nt0+2+q,250.0,,com.sec.android.app.shealth,27fd1705-9fc7-4d9c-b4c2-a97d88ba8077,
2024-08-13 16:28:37.882,250.0,,2024-08-13 16:28:37.883,2024-08-13 16:28:37.883,,,UTC+0530,US7nt0+2+q,250.0,,com.sec.android.app.shealth,776f5a10-1f6f-4827-a25b-e23a0352a2a1,
2024-08-13 16:28:38.231,250.0,,2024-08-13 16:28:38.233,2024-08-13 16:28:38.233,,,UTC+0530,US7nt0+2+q,250.0,,com.sec.android.app.shealth,044f79b4-b936-49d1-a518-3e9753133545,
2024-08-13 16:28:38.568,250.0,,2024-08-13 16:28:38.570,2024-08-13 16:28:38.570,,,UTC+0530,US7nt0+2+q,250.0,,com.sec.android.app.shealth,d39eb180-86fe-4e67-a7ef-e7bc9dc51225,
2024-08-13 16:28:39.083,250.0,,2024-08-13 16:28:39.086,2024-08-13 16:28:39.086,,,UTC+0530,US7nt0+2+q,250.0,,com.sec.android.app.shealth,74673e67-618f-477d-833b-affdb5af6e9e,
2024-08-13 16:28:39.416,250.0,,2024-08-13 16:28:39.419,2024-08-13 16:28:39.419,,,UTC+0530,US7nt0+2+q,250.0,,com.sec.android.app.shealth,d75b4371-1f07-4a1f-a2f3-87b71799b5e0,
2024-08-13 16:28:39.774,250.0,,2024-08-13 16:28:39.784,2024-08-13 16:28:39.784,,,UTC+0530,US7nt0+2+q,250.0,,com.sec.android.app.shealth,c4f30053-890f-4f5b-8677-5299a839f28b,
2024-08-13 16:28:40.102,250.0,,2024-08-13 16:28:40.104,2024-08-13 16:28:40.104,,,UTC+0530,US7nt0+2+q,250.0,,com.sec.android.app.shealth,09706c4b-1f5d-476b-8743-8327e0a5998b,
2024-08-13 16:28:42.632,250.0,,2024-08-13 16:28:42.634,2024-08-13 16:28:42.634,,,UTC+0530,US7nt0+2+q,250.0,,com.sec.android.app.shealth,6969d904-2a3c-4318-b005-6c61ce828a1e,
2024-08-13 16:28:45.330,250.0,,2024-08-13 16:28:45.332,2024-08-13 16:28:45.332,,,UTC+0530,US7nt0+2+q,250.0,,com.sec.android.app.shealth,672ee514-b3ee-4ee7-ad75-9417f07f1257,
2024-08-14 14:37:44.974,250.0,,2024-08-14 14:37:44.991,2024-08-14 14:37:44.991,,,UTC+0530,US7nt0+2+q,250.0,,com.sec.android.app.shealth,51e8776e-8758-431d-abf9-d997ffb6b359,
2024-08-14 14:37:45.436,250.0,,2024-08-14 14:37:45.444,2024-08-14 14:37:45.444,,,UTC+0530,US7nt0+2+q,250.0,,com.sec.android.app.shealth,12c55d2a-4be3-4e85-ac6f-903c8391ccb3,
2024-08-14 14:37:45.859,250.0,,2024-08-14 14:37:45.867,2024-08-14 14:37:45.867,,,UTC+0530,US7nt0+2+q,250.0,,com.sec.android.app.shealth,823f6e3a-1d41-4830-bfb0-e03f4cf93eb9,
2024-08-14 14:37:46.213,250.0,,2024-08-14 14:37:46.249,2024-08-14 14:37:46.249,,,UTC+0530,US7nt0+2+q,250.0,,com.sec.android.app.shealth,58beed45-0567-4132-8d4d-2340d162df31,
2024-08-14 14:37:46.614,250.0,,2024-08-14 14:37:46.624,2024-08-14 14:37:46.624,,,UTC+0530,US7nt0+2+q,250.0,,com.sec.android.app.shealth,d37e871a-9638-4dc4-bdee-3d654fe250c8,
2024-08-14 14:37:46.944,250.0,,2024-08-14 14:37:46.946,2024-08-14 14:37:46.946,,,UTC+0530,US7nt0+2+q,250.0,,com.sec.android.app.shealth,eac1a81b-cfe4-4cba-a228-e48ab996721a,
2024-08-14 14:37:47.320,250.0,,2024-08-14 14:37:47.328,2024-08-14 14:37:47.328,,,UTC+0530,US7nt0+2+q,250.0,,com.sec.android.app.shealth,7228ac03-d1eb-4f29-bdf0-71b3bd1bf9ef,
2024-08-14 14:37:49.809,250.0,,2024-08-14 14:37:49.812,2024-08-14 14:37:49.812,,,UTC+0530,US7nt0+2+q,250.0,,com.sec.android.app.shealth,8c804ba3-338d-439f-b808-0b237011e03f,
2024-08-14 14:37:50.108,250.0,,2024-08-14 14:37:50.114,2024-08-14 14:37:50.114,,,UTC+0530,US7nt0+2+q,250.0,,com.sec.android.app.shealth,1acefd95-d609-4b14-8aa2-05c8d943b4c6,
2024-08-14 14:37:50.539,250.0,,2024-08-14 14:37:50.543,2024-08-14 14:37:50.543,,,UTC+0530,US7nt0+2+q,250.0,,com.sec.android.app.shealth,94cddbc3-2f32-40ff-9e3c-e902408e2e27,
2024-08-14 14:37:50.877,250.0,,2024-08-14 14:37:50.878,2024-08-14 14:37:50.878,,,UTC+0530,US7nt0+2+q,250.0,,com.sec.android.app.shealth,653ed786-d14b-464f-8e69-4982a1b9b3d4,
2024-08-14 14:37:51.207,250.0,,2024-08-14 14:37:51.209,2024-08-14 14:37:51.209,,,UTC+0530,US7nt0+2+q,250.0,,com.sec.android.app.shealth,1d90598c-cd0e-4896-a19f-09b15638daf5,
2024-08-14 14:37:52.819,250.0,,2024-08-14 14:37:52.821,2024-08-14 14:37:52.821,,,UTC+0530,US7nt0+2+q,250.0,,com.sec.android.app.shealth,541ffe74-f1ff-4e39-a8c2-a9e87c0e0237,
2024-08-14 14:37:53.141,250.0,,2024-08-14 14:37:53.143,2024-08-14 14:37:53.143,,,UTC+0530,US7nt0+2+q,250.0,,com.sec.android.app.shealth,92e2c333-efb6-4bf7-a817-5947b41d0782,
2024-08-14 14:37:54.623,250.0,,2024-08-14 14:37:54.625,2024-08-14 14:37:54.625,,,UTC+0530,US7nt0+2+q,250.0,,com.sec.android.app.shealth,87592a82-cd8f-465c-b563-54bde79de786,
2024-08-14 14:37:56.324,250.0,,2024-08-14 14:37:56.326,2024-08-14 14:37:56.326,,,UTC+0530,US7nt0+2+q,250.0,,com.sec.android.app.shealth,154876ba-73bd-41c9-9f0d-daea9d35e6a6,
2024-08-15 01:24:37.754,250.0,,2024-08-15 01:24:37.757,2024-08-15 01:24:37.757,,,UTC+0530,US7nt0+2+q,250.0,,com.sec.android.app.shealth,3694f9d1-9300-4d74-bd37-cf6258f74138,
2024-08-15 01:24:39.141,250.0,,2024-08-15 01:24:39.146,2024-08-15 01:24:39.146,,,UTC+0530,US7nt0+2+q,250.0,,com.sec.android.app.shealth,06111319-3ae8-49c1-90ad-817239f621fc,
2025-01-24 10:49:33.373,250.0,,2025-01-24 10:49:33.378,2025-01-24 10:49:33.378,,,UTC+0530,US7nt0+2+q,250.0,,com.sec.android.app.shealth,847b9967-2e1b-473d-bb35-e9bcdc206ea0,
2025-01-24 10:49:33.792,250.0,,2025-01-24 10:49:33.796,2025-01-24 10:49:33.796,,,UTC+0530,US7nt0+2+q,250.0,,com.sec.android.app.shealth,2c801d9b-857d-4583-ac2b-de3d0dbbd88c,
2025-01-24 10:49:34.178,250.0,,2025-01-24 10:49:34.186,2025-01-24 10:49:34.186,,,UTC+0530,US7nt0+2+q,250.0,,com.sec.android.app.shealth,ffac6281-e0bb-4b50-9494-7f00130fcd7a,
2025-01-24 10:49:34.529,250.0,,2025-01-24 10:49:34.535,2025-01-24 10:49:34.535,,,UTC+0530,US7nt0+2+q,250.0,,com.sec.android.app.shealth,0f4195c0-2b91-4110-9db0-c48f7c5c8afb,
2025-01-24 10:49:34.909,250.0,,2025-01-24 10:49:34.911,2025-01-24 10:49:34.911,,,UTC+0530,US7nt0+2+q,250.0,,com.sec.android.app.shealth,9132f727-c3b8-47a0-baa4-cc10ff0cec74,
2025-01-24 10:49:35.293,250.0,,2025-01-24 10:49:35.297,2025-01-24 10:49:35.297,,,UTC+0530,US7nt0+2+q,250.0,,com.sec.android.app.shealth,7f52598b-84f0-4c3e-89ef-c6f88afae0eb,
2025-01-24 10:49:35.675,250.0,,2025-01-24 10:49:35.678,2025-01-24 10:49:35.678,,,UTC+0530,US7nt0+2+q,250.0,,com.sec.android.app.shealth,140d7086-8efd-4633-9f3a-a186c1db92bb,
2025-01-24 10:49:36.041,250.0,,2025-01-24 10:49:36.044,2025-01-24 10:49:36.044,,,UTC+0530,US7nt0+2+q,250.0,,com.sec.android.app.shealth,ce36f55d-3f2d-47e2-bfd9-df28140688bf,
2025-03-17 00:58:39.067,250.0,,2025-03-17 00:58:39.070,2025-03-17 00:58:39.070,,,UTC+0530,US7nt0+2+q,250.0,,com.sec.android.app.shealth,6af4f8df-0e97-4e03-8035-e7756021158b,
2025-03-17 00:58:39.704,250.0,,2025-03-17 00:58:39.708,2025-03-17 00:58:39.708,,,UTC+0530,US7nt0+2+q,250.0,,com.sec.android.app.shealth,614a86ae-7ecd-4ac0-bea4-7e859ad35dd9,
2025-03-17 00:58:40.451,250.0,,2025-03-17 00:58:40.454,2025-03-17 00:58:40.454,,,UTC+0530,US7nt0+2+q,250.0,,com.sec.android.app.shealth,ddb7d79c-c3c4-4163-b717-8c8622a33d29,
2025-03-17 00:58:41.163,250.0,,2025-03-17 00:58:41.165,2025-03-17 00:58:41.165,,,UTC+0530,US7nt0+2+q,250.0,,com.sec.android.app.shealth,2567b9de-5645-4cb6-8b5f-84882470f037,
2025-03-17 00:58:41.882,250.0,,2025-03-17 00:58:41.884,2025-03-17 00:58:41.884,,,UTC+0530,US7nt0+2+q,250.0,,com.sec.android.app.shealth,33ce730e-3e92-4cc5-b894-780371e3afa9,
2025-03-17 00:58:42.577,250.0,,2025-03-17 00:58:42.580,2025-03-17 00:58:42.580,,,UTC+0530,US7nt0+2+q,250.0,,com.sec.android.app.shealth,f290c171-3657-4852-bd6a-093cd004783e,
2025-03-17 00:58:43.325,250.0,,2025-03-17 00:58:43.327,2025-03-17 00:58:43.327,,,UTC+0530,US7nt0+2+q,250.0,,com.sec.android.app.shealth,a379e6bd-ce72-4b58-a9d1-475df967a071,
2025-03-17 00:58:44.892,250.0,,2025-03-17 00:58:44.896,2025-03-17 00:58:44.896,,,UTC+0530,US7nt0+2+q,250.0,,com.sec.android.app.shealth,adbf8dd9-deae-4dcd-b87f-1bf6afa12e28,
2025-03-17 00:58:45.609,250.0,,2025-03-17 00:58:45.614,2025-03-17 00:58:45.614,,,UTC+0530,US7nt0+2+q,250.0,,com.sec.android.app.shealth,74c3d3e9-54bd-4edc-8559-17ad6654632e,
2025-03-17 00:58:47.213,250.0,,2025-03-17 00:58:47.215,2025-03-17 00:58:47.215,,,UTC+0530,US7nt0+2+q,250.0,,com.sec.android.app.shealth,31323bcb-599d-4dd7-8d70-433f962a64b3,
2025-03-24 01:15:57.048,250.0,,2025-03-24 01:15:57.051,2025-03-24 01:15:57.051,,,UTC+0530,US7nt0+2+q,250.0,,com.sec.android.app.shealth,0e01fd5c-bed7-40d1-954d-281c9426ab91,
2025-03-24 01:15:57.455,250.0,,2025-03-24 01:15:57.457,2025-03-24 01:15:57.457,,,UTC+0530,US7nt0+2+q,250.0,,com.sec.android.app.shealth,eb5e56a1-a241-4098-88fa-9bfcf599997e,
2025-03-24 01:15:57.830,250.0,,2025-03-24 01:15:57.832,2025-03-24 01:15:57.832,,,UTC+0530,US7nt0+2+q,250.0,,com.sec.android.app.shealth,be534adb-9e51-4f98-8829-547a1bb00ba6,
2025-03-24 01:15:58.197,250.0,,2025-03-24 01:15:58.199,2025-03-24 01:15:58.199,,,UTC+0530,US7nt0+2+q,250.0,,com.sec.android.app.shealth,b350d350-0e8b-4a0f-8bf7-005d0257b72b,
2025-03-24 01:15:58.623,250.0,,2025-03-24 01:15:58.626,2025-03-24 01:15:58.626,,,UTC+0530,US7nt0+2+q,250.0,,com.sec.android.app.shealth,d87726f3-3fc5-43d4-a8ae-bb9df13d47f9,
2025-03-24 01:15:58.973,250.0,,2025-03-24 01:15:58.974,2025-03-24 01:15:58.974,,,UTC+0530,US7nt0+2+q,250.0,,com.sec.android.app.shealth,f01a7224-d24b-4d79-bbbe-de7cec063d01,
2025-03-24 01:15:59.422,250.0,,2025-03-24 01:15:59.424,2025-03-24 01:15:59.424,,,UTC+0530,US7nt0+2+q,250.0,,com.sec.android.app.shealth,db952849-9c32-4202-b5d5-43a4c0db6ec2,
2025-03-24 01:16:00.213,250.0,,2025-03-24 01:16:00.214,2025-03-24 01:16:00.214,,,UTC+0530,US7nt0+2+q,250.0,,com.sec.android.app.shealth,74eed4b0-4ea0-42a8-93d6-2e13767db7b3,
2025-03-24 01:16:00.544,250.0,,2025-03-24 01:16:00.545,2025-03-24 01:16:00.545,,,UTC+0530,US7nt0+2+q,250.0,,com.sec.android.app.shealth,dc8182f4-c66e-4fc3-ac33-6db8cabbfb94,
2025-03-24 01:16:01.072,250.0,,2025-03-24 01:16:01.076,2025-03-24 01:16:01.076,,,UTC+0530,US7nt0+2+q,250.0,,com.sec.android.app.shealth,0c2d3663-d5a6-4460-907d-dddede7cb0ff,
2025-03-24 01:16:01.595,250.0,,2025-03-24 01:16:01.597,2025-03-24 01:16:01.597,,,UTC+0530,US7nt0+2+q,250.0,,com.sec.android.app.shealth,34a48383-6559-4848-9ab6-91c00c5ff7de,
2025-03-24 01:16:03.210,250.0,,2025-03-24 01:16:03.212,2025-03-24 01:16:03.212,,,UTC+0530,US7nt0+2+q,250.0,,com.sec.android.app.shealth,99d5154b-b294-4701-9433-b477ebe6260e,
2025-04-06 16:44:12.066,250.0,,2025-04-06 16:44:12.069,2025-04-06 16:44:12.069,,,UTC+0530,US7nt0+2+q,250.0,,com.sec.android.app.shealth,bc19c705-3a72-40cd-914a-fd725bf131b0,
2025-04-06 16:44:12.489,250.0,,2025-04-06 16:44:12.491,2025-04-06 16:44:12.491,,,UTC+0530,US7nt0+2+q,250.0,,com.sec.android.app.shealth,0da423a2-6604-4e8d-bde5-e41e05337902,
2025-04-06 16:44:12.874,250.0,,2025-04-06 16:44:12.877,2025-04-06 16:44:12.877,,,UTC+0530,US7nt0+2+q,250.0,,com.sec.android.app.shealth,cda1c5c1-caa6-41fa-b523-7531b96a7dfa,
2025-04-06 16:44:13.408,250.0,,2025-04-06 16:44:13.410,2025-04-06 16:44:13.410,,,UTC+0530,US7nt0+2+q,250.0,,com.sec.android.app.shealth,7496f977-8f96-415d-b601-6e21efd19e4a,
2025-04-06 16:44:15.017,250.0,,2025-04-06 16:44:15.020,2025-04-06 16:44:15.020,,,UTC+0530,US7nt0+2+q,250.0,,com.sec.android.app.shealth,64cb4e26-c1fc-4dcf-b463-f380216e4ce4,
2025-04-06 16:44:15.441,250.0,,2025-04-06 16:44:15.443,2025-04-06 16:44:15.443,,,UTC+0530,US7nt0+2+q,250.0,,com.sec.android.app.shealth,356ed07a-cc1a-4def-bcb6-571b73d312a5,
2025-04-06 16:44:15.956,250.0,,2025-04-06 16:44:15.959,2025-04-06 16:44:15.959,,,UTC+0530,US7nt0+2+q,250.0,,com.sec.android.app.shealth,bf9f9642-e33b-4c9a-8904-0dd659c44bde,
2025-04-06 16:44:17.050,250.0,,2025-04-06 16:44:17.052,2025-04-06 16:44:17.052,,,UTC+0530,US7nt0+2+q,250.0,,com.sec.android.app.shealth,1277c9e3-f0d0-4b99-8f03-f5d886f0f993,
2025-04-16 16:56:31.370,250.0,,2025-04-16 16:56:31.373,2025-04-16 16:56:31.373,,,UTC+0530,US7nt0+2+q,250.0,,com.sec.android.app.shealth,5a0b4038-de9d-4f6b-9eb6-a15f773300e5,
2025-04-16 16:56:31.758,250.0,,2025-04-16 16:56:31.760,2025-04-16 16:56:31.760,,,UTC+0530,US7nt0+2+q,250.0,,com.sec.android.app.shealth,9958f9e1-23fc-4344-be84-6125f299746c,
2025-04-16 16:56:32.255,250.0,,2025-04-16 16:56:32.256,2025-04-16 16:56:32.256,,,UTC+0530,US7nt0+2+q,250.0,,com.sec.android.app.shealth,0c4d6ef3-2c43-4fe1-ad29-057f4520e7ea,
2025-04-16 16:56:32.623,250.0,,2025-04-16 16:56:32.625,2025-04-16 16:56:32.625,,,UTC+0530,US7nt0+2+q,250.0,,com.sec.android.app.shealth,24003b66-4bc2-4f3f-81cc-d8798de7f928,
2025-04-16 16:56:33.107,250.0,,2025-04-16 16:56:33.109,2025-04-16 16:56:33.109,,,UTC+0530,US7nt0+2+q,250.0,,com.sec.android.app.shealth,9a7e8236-79e5-423a-bd29-f79f512c1943,
2025-04-16 16:56:34.120,250.0,,2025-04-16 16:56:34.123,2025-04-16 16:56:34.123,,,UTC+0530,US7nt0+2+q,250.0,,com.sec.android.app.shealth,29da8b5a-c8f1-444f-b527-58545c181e48,
2025-04-16 16:56:34.541,250.0,,2025-04-16 16:56:34.543,2025-04-16 16:56:34.543,,,UTC+0530,US7nt0+2+q,250.0,,com.sec.android.app.shealth,8f8564d4-54e6-4f82-ba11-1cdbbb288a77,
2025-04-16 16:56:36.301,250.0,,2025-04-16 16:56:36.304,2025-04-16 16:56:36.304,,,UTC+0530,US7nt0+2+q,250.0,,com.sec.android.app.shealth,78792384-5c79-41da-963a-b7b5ac703884,
2025-04-15 16:56:42.551,250.0,,2025-04-16 16:56:42.554,2025-04-16 16:56:42.554,,,UTC+0530,US7nt0+2+q,250.0,,com.sec.android.app.shealth,d2e2c02e-189a-4a6e-aa5d-3513c802f7a1,
2025-04-15 16:56:43.287,250.0,,2025-04-16 16:56:43.290,2025-04-16 16:56:43.290,,,UTC+0530,US7nt0+2+q,250.0,,com.sec.android.app.shealth,aef325f7-0b4e-4c17-a62c-25cad84350c7,
2025-04-15 16:56:44.017,250.0,,2025-04-16 16:56:44.019,2025-04-16 16:56:44.019,,,UTC+0530,US7nt0+2+q,250.0,,com.sec.android.app.shealth,89fef48f-968d-485a-bdb0-f3225d7747f1,
2025-04-15 16:56:44.743,250.0,,2025-04-16 16:56:44.745,2025-04-16 16:56:44.745,,,UTC+0530,US7nt0+2+q,250.0,,com.sec.android.app.shealth,fe36d74b-d578-42bd-894f-af41cd2c15f6,
2025-04-15 16:56:45.482,250.0,,2025-04-16 16:56:45.484,2025-04-16 16:56:45.484,,,UTC+0530,US7nt0+2+q,250.0,,com.sec.android.app.shealth,1bb9836d-e446-4226-8199-2885314ec34c,
2025-04-15 16:56:46.089,250.0,,2025-04-16 16:56:46.092,2025-04-16 16:56:46.092,,,UTC+0530,US7nt0+2+q,250.0,,com.sec.android.app.shealth,cf0f9547-ae18-45c7-a90c-dd730a485907,
2025-04-15 16:56:47.731,250.0,,2025-04-16 16:56:47.733,2025-04-16 16:56:47.733,,,UTC+0530,US7nt0+2+q,250.0,,com.sec.android.app.shealth,859fb816-3deb-4e11-af30-c04337498cd0,
2025-04-15 16:56:48.732,250.0,,2025-04-16 16:56:48.735,2025-04-16 16:56:48.735,,,UTC+0530,US7nt0+2+q,250.0,,com.sec.android.app.shealth,9a5d291b-eaa8-491f-9c11-996b59844582,
2025-04-07 16:56:54.130,250.0,,2025-04-16 16:56:54.133,2025-04-16 16:56:54.133,,,UTC+0530,US7nt0+2+q,250.0,,com.sec.android.app.shealth,dc7c69eb-cf56-4abd-ba11-83681e32150b,
2025-04-07 16:56:55.028,250.0,,2025-04-16 16:56:55.031,2025-04-16 16:56:55.031,,,UTC+0530,US7nt0+2+q,250.0,,com.sec.android.app.shealth,2588c8c7-9f95-4972-b654-135a0dd3ff26,
2025-04-07 16:56:56.214,250.0,,2025-04-16 16:56:56.216,2025-04-16 16:56:56.216,,,UTC+0530,US7nt0+2+q,250.0,,com.sec.android.app.shealth,55a0d8f3-1f52-4372-b77d-66139297ba7b,
2025-04-07 16:56:56.864,250.0,,2025-04-16 16:56:56.867,2025-04-16 16:56:56.867,,,UTC+0530,US7nt0+2+q,250.0,,com.sec.android.app.shealth,dd7989c0-e3be-4b46-b375-17d856ece4a9,
2025-04-07 16:56:57.594,250.0,,2025-04-16 16:56:57.596,2025-04-16 16:56:57.596,,,UTC+0530,US7nt0+2+q,250.0,,com.sec.android.app.shealth,66677cb4-0802-4827-a3e8-75e0cf3e7b42,
2025-04-07 16:56:58.345,250.0,,2025-04-16 16:56:58.348,2025-04-16 16:56:58.348,,,UTC+0530,US7nt0+2+q,250.0,,com.sec.android.app.shealth,1309bf1c-e2ed-452a-81a9-56efdd6828ed,
2025-04-07 16:56:59.071,250.0,,2025-04-16 16:56:59.073,2025-04-16 16:56:59.073,,,UTC+0530,US7nt0+2+q,250.0,,com.sec.android.app.shealth,8443f479-fa0b-46e6-9c92-c908f8cdef72,
2025-04-07 16:56:59.751,250.0,,2025-04-16 16:56:59.753,2025-04-16 16:56:59.753,,,UTC+0530,US7nt0+2+q,250.0,,com.sec.android.app.shealth,9200fc0b-c782-4627-b531-c4502c759e4f,
2025-04-08 16:57:04.362,250.0,,2025-04-16 16:57:04.366,2025-04-16 16:57:04.366,,,UTC+0530,US7nt0+2+q,250.0,,com.sec.android.app.shealth,8b7dfd8f-9d60-4e96-a795-aab2942cd313,
2025-04-08 16:57:05.256,250.0,,2025-04-16 16:57:05.259,2025-04-16 16:57:05.259,,,UTC+0530,US7nt0+2+q,250.0,,com.sec.android.app.shealth,17aa3c28-8d20-4eed-a505-6d11bef1b939,
2025-04-08 16:57:05.876,250.0,,2025-04-16 16:57:05.878,2025-04-16 16:57:05.878,,,UTC+0530,US7nt0+2+q,250.0,,com.sec.android.app.shealth,03577dcd-6e17-4bea-91cc-ad26b21de65e,
2025-04-08 16:57:06.663,250.0,,2025-04-16 16:57:06.665,2025-04-16 16:57:06.665,,,UTC+0530,US7nt0+2+q,250.0,,com.sec.android.app.shealth,7b322e14-08c9-4631-bb25-b5ddd65dbe83,
2025-04-08 16:57:07.425,250.0,,2025-04-16 16:57:07.426,2025-04-16 16:57:07.426,,,UTC+0530,US7nt0+2+q,250.0,,com.sec.android.app.shealth,908bc9f0-813b-4005-94cc-d5aabd62895f,
2025-04-08 16:57:08.075,250.0,,2025-04-16 16:57:08.077,2025-04-16 16:57:08.077,,,UTC+0530,US7nt0+2+q,250.0,,com.sec.android.app.shealth,afd08d33-23da-4fa6-9df4-d5dccf2bfca0,
2025-04-08 16:57:08.825,250.0,,2025-04-16 16:57:08.828,2025-04-16 16:57:08.828,,,UTC+0530,US7nt0+2+q,250.0,,com.sec.android.app.shealth,da7e9db0-f969-4ac4-88d1-00da7d8a2726,
2025-04-08 16:57:09.546,250.0,,2025-04-16 16:57:09.548,2025-04-16 16:57:09.548,,,UTC+0530,US7nt0+2+q,250.0,,com.sec.android.app.shealth,06a45ee9-4ca1-40d0-bb60-b38e131d29e8,
2025-04-14 16:57:32.998,2000.0,,2025-04-16 16:57:33.000,2025-04-16 16:57:33.000,,,UTC+0530,US7nt0+2+q,2000.0,,com.sec.android.app.shealth,3a06d717-44e0-48f5-9709-dcf24fa7e3bd,
2025-04-09 16:57:35.586,2000.0,,2025-04-16 16:57:35.591,2025-04-16 16:57:35.591,,,UTC+0530,US7nt0+2+q,2000.0,,com.sec.android.app.shealth,22b3f040-11da-4063-9872-ba994af47f7b,
2025-04-10 16:57:37.128,2000.0,,2025-04-16 16:57:37.129,2025-04-16 16:57:37.129,,,UTC+0530,US7nt0+2+q,2000.0,,com.sec.android.app.shealth,d8c05a0f-4e5b-43fe-b01c-b551816d79e6,
2025-04-11 16:57:38.347,2000.0,,2025-04-16 16:57:38.348,2025-04-16 16:57:38.348,,,UTC+0530,US7nt0+2+q,2000.0,,com.sec.android.app.shealth,a2fea76c-2d70-4300-9304-700affdba3d1,
2025-04-12 16:57:41.562,2000.0,,2025-04-16 16:57:41.565,2025-04-16 16:57:41.565,,,UTC+0530,US7nt0+2+q,2000.0,,com.sec.android.app.shealth,a927f397-4f79-4d5d-97ba-cb7869d44b72,
2025-04-13 16:57:42.812,2000.0,,2025-04-16 16:57:42.814,2025-04-16 16:57:42.814,,,UTC+0530,US7nt0+2+q,2000.0,,com.sec.android.app.shealth,63878b9f-588e-4ce3-bf03-0462b800d3b7,
2025-04-17 17:13:06.614,2000.0,,2025-04-17 17:13:06.619,2025-04-17 17:13:06.619,,,UTC+0530,US7nt0+2+q,2000.0,,com.sec.android.app.shealth,afc0e46b-30be-4bff-9315-551b4174b6b7,
2025-04-18 17:56:54.901,2000.0,,2025-04-18 17:56:54.903,2025-04-18 17:56:54.903,,,UTC+0530,US7nt0+2+q,2000.0,,com.sec.android.app.shealth,ebf2288e-5a77-490e-8a6b-ae3498d02fa5,
2025-04-24 10:12:30.924,2000.0,,2025-04-24 10:12:30.927,2025-04-24 10:12:30.927,,,UTC+0530,US7nt0+2+q,2000.0,,com.sec.android.app.shealth,da81fac4-e15b-4696-8a35-f83f67727149,
2025-04-19 10:12:34.878,2000.0,,2025-04-24 10:12:34.882,2025-04-24 10:12:34.882,,,UTC+0530,US7nt0+2+q,2000.0,,com.sec.android.app.shealth,57d229fd-e337-4a57-93e1-7f970a1c428e,
2025-04-20 10:12:36.225,2000.0,,2025-04-24 10:12:36.227,2025-04-24 10:12:36.227,,,UTC+0530,US7nt0+2+q,2000.0,,com.sec.android.app.shealth,e14ae563-48c2-4c72-8f3a-e00a70345ee0,
2025-04-21 10:12:37.338,2000.0,,2025-04-24 10:12:37.340,2025-04-24 10:12:37.340,,,UTC+0530,US7nt0+2+q,2000.0,,com.sec.android.app.shealth,b1f44e1b-cb22-41a8-9a29-6c3b3411bbf7,
2025-04-22 10:12:38.489,2000.0,,2025-04-24 10:12:38.492,2025-04-24 10:12:38.492,,,UTC+0530,US7nt0+2+q,2000.0,,com.sec.android.app.shealth,b41f95ec-9278-4e74-87fb-555bb78f53aa,
2025-04-23 10:12:40.186,2000.0,,2025-04-24 10:12:40.188,2025-04-24 10:12:40.188,,,UTC+0530,US7nt0+2+q,2000.0,,com.sec.android.app.shealth,6cd1b32e-617e-4f77-93e4-dd51cd0ca8d2,
2025-04-28 18:03:38.702,2000.0,,2025-04-28 18:03:38.706,2025-04-28 18:03:38.706,,,UTC+0530,US7nt0+2+q,2000.0,,com.sec.android.app.shealth,89aa88d3-bb0f-4b80-94b7-45960a62283a,
2025-07-15 05:06:37.045,2000.0,,2025-07-15 05:06:37.047,2025-07-15 05:06:37.047,,,UTC+0530,US7nt0+2+q,2000.0,,com.sec.android.app.shealth,4c7e4164-1227-4e0e-be36-95c94859264e,
2026-01-17 03:08:48.289,2000.0,,2026-01-17 03:08:48.293,2026-01-17 03:08:48.293,,,UTC+0530,US7nt0+2+q,2000.0,,com.sec.android.app.shealth,819c661f-8feb-4681-b60f-3c4d72bb8f03,
2026-01-22 14:46:39.528,2000.0,,2026-01-22 14:46:39.533,2026-01-22 14:46:39.533,,,UTC+0530,US7nt0+2+q,2000.0,,com.sec.android.app.shealth,3957c35e-dd6e-44a2-8fb2-8a1b820f91a4,
2026-01-30 03:44:57.421,2000.0,,2026-01-30 03:44:57.424,2026-01-30 03:44:57.424,,,UTC+0530,US7nt0+2+q,2000.0,,com.sec.android.app.shealth,cbbca2e6-a07f-474b-8700-a79c49d469ed,
2026-02-04 15:31:07.247,2000.0,,2026-02-04 15:31:07.253,2026-02-04 15:31:07.253,,,UTC+0530,US7nt0+2+q,2000.0,,com.sec.android.app.shealth,2a9743a6-6dbe-499b-8370-0d71f8eab38a,
2026-02-04 15:31:08.273,2000.0,,2026-02-04 15:31:08.276,2026-02-04 15:31:08.276,,,UTC+0530,US7nt0+2+q,2000.0,,com.sec.android.app.shealth,db2a5082-59e2-4dae-955a-fd251b29da21,
2026-02-05 05:47:51.510,2000.0,,2026-02-05 05:47:51.516,2026-02-05 05:47:51.516,,,UTC+0530,US7nt0+2+q,2000.0,,com.sec.android.app.shealth,e10e4220-b970-4add-a9d2-762fa6677daf,
2026-02-05 08:33:21.751,2000.0,,2026-02-05 08:33:21.759,2026-02-05 08:33:21.759,,,UTC+0530,US7nt0+2+q,2000.0,,com.sec.android.app.shealth,8baed1d2-a687-4dfc-9de5-345d8dde7d14,
2026-02-05 15:19:24.768,2000.0,,2026-02-05 15:19:24.771,2026-02-05 15:19:24.771,,,UTC+0530,US7nt0+2+q,2000.0,,com.sec.android.app.shealth,2c562c92-7bf0-4989-b302-63a7ec6ec28e,
2026-02-06 01:57:40.947,2000.0,,2026-02-08 01:57:40.950,2026-02-08 01:57:40.950,,,UTC+0530,US7nt0+2+q,2000.0,,com.sec.android.app.shealth,accef669-ae20-45fa-8cad-fce9bd193190,
2026-02-06 01:57:42.711,2000.0,,2026-02-08 01:57:42.714,2026-02-08 01:57:42.714,,,UTC+0530,US7nt0+2+q,2000.0,,com.sec.android.app.shealth,cdea7f8b-ab9b-4dfe-9fa8-c29251536bc7,
2026-02-07 01:57:44.628,2000.0,,2026-02-08 01:57:44.631,2026-02-08 01:57:44.631,,,UTC+0530,US7nt0+2+q,2000.0,,com.sec.android.app.shealth,0db708d9-5b15-49f0-8905-eb4dccafa6aa,
2026-02-07 01:57:45.494,2000.0,,2026-02-08 01:57:45.497,2026-02-08 01:57:45.497,,,UTC+0530,US7nt0+2+q,2000.0,,com.sec.android.app.shealth,f865a8d3-2be8-4040-9beb-e540691693f0,
2026-02-08 01:57:47.523,2000.0,,2026-02-08 01:57:47.527,2026-02-08 01:57:47.527,,,UTC+0530,US7nt0+2+q,2000.0,,com.sec.android.app.shealth,062e54b4-8a65-49da-8754-773d71710e66,
2026-02-09 16:36:35.631,2000.0,,2026-02-09 16:36:35.634,2026-02-09 16:36:35.634,,,UTC+0530,US7nt0+2+q,2000.0,,com.sec.android.app.shealth,b05400bf-c0e3-46cc-9c3f-7e179167af22,
2026-03-03 07:52:04.868,2000.0,,2026-03-03 07:52:04.872,2026-03-03 07:52:04.872,,,UTC+0530,US7nt0+2+q,2000.0,,com.sec.android.app.shealth,6ee801f1-80c0-4b36-b295-d6d9c507544a,
2026-03-05 11:07:04.907,2000.0,,2026-03-05 11:07:04.910,2026-03-05 11:07:04.910,,,UTC+0530,US7nt0+2+q,2000.0,,com.sec.android.app.shealth,98c6c9fa-36fb-45c4-b4b9-e38351a3be8f,
