com.samsung.shealth.food_favorite,6311013,1
amount,food_type,update_time,create_time,name,unit,favoriteid,calorie,deviceuuid,pkg_name,datauuid,food_info_id
0.0,2,2025-01-17 15:51:24.071,2025-01-17 15:51:24.071,bde3a4e8-a1d7-466a-b29c-20aef5f7452e,,bde3a4e8-a1d7-466a-b29c-20aef5f7452e,0.0,US7nt0+2+q,com.sec.android.app.shealth,e1bad602-3368-413f-9b1b-3f7d679d7fbe,e201e48f-2f11-490c-b0a5-727df1e057b3,
0.0,2,2026-02-04 15:16:02.217,2026-02-04 15:16:02.217,66cc6589-3f7c-4f23-a085-0bc979f4cd26,,66cc6589-3f7c-4f23-a085-0bc979f4cd26,0.0,US7nt0+2+q,com.sec.android.app.shealth,e5c33575-8f7f-4ff6-8057-8d79be291b4f,1c284fb1-2dc8-4847-8f3c-6a07a9ac9aed,
0.0,2,2026-02-04 15:16:02.218,2026-02-04 15:16:02.218,66cc6589-3f7c-4f23-a085-0bc979f4cd26,,66cc6589-3f7c-4f23-a085-0bc979f4cd26,0.0,US7nt0+2+q,com.sec.android.app.shealth,471ae47b-5c70-4c3d-abb2-88b267cd01ba,c44524f6-aec6-4586-aecd-fbf9f6cb89c2,
0.0,2,2026-02-04 15:16:34.707,2026-02-04 15:16:34.707,93dfd02d-adaf-48b6-953c-d527da886858,,93dfd02d-adaf-48b6-953c-d527da886858,0.0,US7nt0+2+q,com.sec.android.app.shealth,98e7bc1c-b849-4f74-8df6-6c12d8fe35ad,ecb9934a-7c95-45dd-9306-ecedf63575b6,
0.0,2,2026-02-04 15:18:12.095,2026-02-04 15:18:12.095,86e724ae-9e84-4a48-83bb-1b5a4da3cf89,,86e724ae-9e84-4a48-83bb-1b5a4da3cf89,0.0,US7nt0+2+q,com.sec.android.app.shealth,8dda28b0-2acc-46b5-a128-75f3ec784cca,b58d5a68-8775-4021-827d-b71812270db2,
0.0,2,2026-02-04 15:18:12.095,2026-02-04 15:18:12.095,86e724ae-9e84-4a48-83bb-1b5a4da3cf89,,86e724ae-9e84-4a48-83bb-1b5a4da3cf89,0.0,US7nt0+2+q,com.sec.android.app.shealth,574ac4a8-9083-4ebf-acbe-a0ca25e55daf,3e4a037b-c95f-42ed-9b52-d594aa2478be,
0.0,2,2026-02-04 15:18:12.096,2026-02-04 15:18:12.096,86e724ae-9e84-4a48-83bb-1b5a4da3cf89,,86e724ae-9e84-4a48-83bb-1b5a4da3cf89,0.0,US7nt0+2+q,com.sec.android.app.shealth,53135f29-3a64-497c-8986-65c8aaef0af9,e1d0dffb-d0bf-4ae1-99ce-425a510165aa,
0.0,2,2026-02-04 15:19:57.428,2026-02-04 15:19:57.428,da5187de-5846-45a9-91b2-22366e7567b8,,da5187de-5846-45a9-91b2-22366e7567b8,0.0,US7nt0+2+q,com.sec.android.app.shealth,7da3a4f1-0c6b-49fa-8a1b-869a2925a086,01615963-c93c-462e-b60d-dad08f69120d,
0.0,2,2026-02-04 15:19:57.429,2026-02-04 15:19:57.429,da5187de-5846-45a9-91b2-22366e7567b8,,da5187de-5846-45a9-91b2-22366e7567b8,0.0,US7nt0+2+q,com.sec.android.app.shealth,3b8c6e6e-50e3-42b5-a373-bcc00f95dd8b,e47316c7-ce1a-4394-9dc8-c0082c307068,
0.0,2,2026-02-04 15:19:57.429,2026-02-04 15:19:57.429,da5187de-5846-45a9-91b2-22366e7567b8,,da5187de-5846-45a9-91b2-22366e7567b8,0.0,US7nt0+2+q,com.sec.android.app.shealth,14392a61-3a84-4f63-83cf-0dc07a76dc82,7354efd9-8d75-4d8c-9d02-8bc0691225a4,
1.0,1,2026-02-04 15:22:52.771,2026-02-04 15:22:52.771,Breakfast,120001,d427f534-87f7-45d9-a6b9-51a787474928,146.0,US7nt0+2+q,com.sec.android.app.shealth,5bef0eaf-b41a-4a6b-bf3e-8043d05e4bde,1c284fb1-2dc8-4847-8f3c-6a07a9ac9aed,
1.0,1,2026-02-04 15:22:52.855,2026-02-04 15:22:52.855,Breakfast,120001,d427f534-87f7-45d9-a6b9-51a787474928,204.0,US7nt0+2+q,com.sec.android.app.shealth,33862998-5fc0-4c4a-a7b6-ce4cc16c7e66,c44524f6-aec6-4586-aecd-fbf9f6cb89c2,
1.0,1,2026-02-04 15:24:37.562,2026-02-04 15:24:37.562,Breakfast 2,120001,ad7a6e7a-4ebf-49d9-a70c-56f38c57d0ed,407.0,US7nt0+2+q,com.sec.android.app.shealth,2e913b23-c57b-4eb9-8c7e-acb4d6a81b9c,2263209f-7e3c-4381-8038-07617e1bdf3d,
1.0,1,2026-02-04 15:24:37.574,2026-02-04 15:24:37.574,Breakfast 2,120001,ad7a6e7a-4ebf-49d9-a70c-56f38c57d0ed,204.0,US7nt0+2+q,com.sec.android.app.shealth,3f5d000e-31c7-48d0-8a3f-1f1e5fd5f01a,c44524f6-aec6-4586-aecd-fbf9f6cb89c2,
0.0,2,2026-02-04 15:25:00.451,2026-02-04 15:25:00.451,20ea5bef-362e-4590-8307-ad5d2cef9729,,20ea5bef-362e-4590-8307-ad5d2cef9729,0.0,US7nt0+2+q,com.sec.android.app.shealth,b19aa16a-17db-4664-897f-8cd8eb6a49ee,1c284fb1-2dc8-4847-8f3c-6a07a9ac9aed,
0.0,2,2026-02-04 15:25:00.451,2026-02-04 15:25:00.451,20ea5bef-362e-4590-8307-ad5d2cef9729,,20ea5bef-362e-4590-8307-ad5d2cef9729,0.0,US7nt0+2+q,com.sec.android.app.shealth,0f09bd67-e7dc-424f-8a0b-4794d8a3cd81,c44524f6-aec6-4586-aecd-fbf9f6cb89c2,
0.0,2,2026-02-05 05:48:12.475,2026-02-05 05:48:12.475,bc08a3fb-5518-4373-9e93-eba771bf71df,,bc08a3fb-5518-4373-9e93-eba771bf71df,0.0,US7nt0+2+q,com.sec.android.app.shealth,049811f0-89bd-4bc4-9900-9457dd8f71d5,1c284fb1-2dc8-4847-8f3c-6a07a9ac9aed,
0.0,2,2026-02-05 05:48:12.476,2026-02-05 05:48:12.476,bc08a3fb-5518-4373-9e93-eba771bf71df,,bc08a3fb-5518-4373-9e93-eba771bf71df,0.0,US7nt0+2+q,com.sec.android.app.shealth,35f4e747-5c45-488a-8b18-cfabf2b2835d,c44524f6-aec6-4586-aecd-fbf9f6cb89c2,
1.0,3,2026-02-05 06:04:13.883,2026-02-05 06:04:13.883,Protein ladoo,120001,1b150a89-d29f-40c4-9d07-6b3646862081,135.0,US7nt0+2+q,com.sec.android.app.shealth,6c1d91b9-7283-42b6-a260-266c10ed5c39,eb0cb5b9-cd56-4cb7-9f6c-e6e9fb13dd23,
1.0,1,2026-02-05 06:04:20.214,2026-02-05 06:04:20.214,Protein ladoo,120001,b232176b-f4b2-417c-93fb-25a66c59b6ae,135.0,US7nt0+2+q,com.sec.android.app.shealth,1ffa09cb-c689-4043-9f39-97335bd651d4,eb0cb5b9-cd56-4cb7-9f6c-e6e9fb13dd23,
0.0,2,2026-02-05 06:04:29.891,2026-02-05 06:04:29.891,b8c8e1aa-2b2d-4647-b594-32d8a5721356,,b8c8e1aa-2b2d-4647-b594-32d8a5721356,0.0,US7nt0+2+q,com.sec.android.app.shealth,6e24d362-d184-4df8-9c96-6ddc965709a7,eb0cb5b9-cd56-4cb7-9f6c-e6e9fb13dd23,
0.0,2,2026-02-05 08:32:12.217,2026-02-05 08:32:12.217,22fc2a65-3a4d-41e6-9fdd-7c81c0e5bcb0,,22fc2a65-3a4d-41e6-9fdd-7c81c0e5bcb0,0.0,US7nt0+2+q,com.sec.android.app.shealth,afa6493f-7249-4d31-a4a2-dffcd6ade52f,09e1d75c-10ea-4584-a929-418fa791a7d5,
0.0,2,2026-02-05 08:32:12.217,2026-02-05 08:32:12.217,22fc2a65-3a4d-41e6-9fdd-7c81c0e5bcb0,,22fc2a65-3a4d-41e6-9fdd-7c81c0e5bcb0,0.0,US7nt0+2+q,com.sec.android.app.shealth,4924adb0-2a0e-4a14-9df7-932faf303354,e49ab8f0-5d43-46ca-8e49-edc48b718d20,
0.0,2,2026-02-05 08:57:39.081,2026-02-05 08:57:39.081,2aa35a96-a397-447b-9043-155394c8fa77,,2aa35a96-a397-447b-9043-155394c8fa77,0.0,US7nt0+2+q,com.sec.android.app.shealth,02a937ae-bf64-4509-9aff-501391236cbd,09e1d75c-10ea-4584-a929-418fa791a7d5,
0.0,2,2026-02-05 08:57:39.081,2026-02-05 08:57:39.081,2aa35a96-a397-447b-9043-155394c8fa77,,2aa35a96-a397-447b-9043-155394c8fa77,0.0,US7nt0+2+q,com.sec.android.app.shealth,19b060d6-c094-4477-9031-224a74873a4d,e49ab8f0-5d43-46ca-8e49-edc48b718d20,
0.0,2,2026-02-05 08:57:39.082,2026-02-05 08:57:39.082,2aa35a96-a397-447b-9043-155394c8fa77,,2aa35a96-a397-447b-9043-155394c8fa77,0.0,US7nt0+2+q,com.sec.android.app.shealth,86dd4b34-e5d7-40a8-a885-86d21521d4ab,48908e68-d344-4391-8987-ea810620d675,
0.0,2,2026-02-05 15:15:22.563,2026-02-05 15:15:22.563,17541f94-1a2f-4179-9123-1488591fbfa3,,17541f94-1a2f-4179-9123-1488591fbfa3,0.0,US7nt0+2+q,com.sec.android.app.shealth,6ad74739-f8fe-4373-aa0d-f910d4743a44,a5c4abde-dbf8-4fbf-bfe7-6bc4f3c375e4,
0.0,2,2026-02-05 15:15:22.564,2026-02-05 15:15:22.564,17541f94-1a2f-4179-9123-1488591fbfa3,,17541f94-1a2f-4179-9123-1488591fbfa3,0.0,US7nt0+2+q,com.sec.android.app.shealth,d9e1581e-2364-48d4-9ed1-0711a37625da,3e4a037b-c95f-42ed-9b52-d594aa2478be,
0.0,2,2026-02-06 13:56:03.838,2026-02-06 13:56:03.838,0892800e-a54d-42f3-bda4-3d1214465ddf,,0892800e-a54d-42f3-bda4-3d1214465ddf,0.0,US7nt0+2+q,com.sec.android.app.shealth,e0964afa-2e00-40b9-acb3-73619da83094,1c284fb1-2dc8-4847-8f3c-6a07a9ac9aed,
0.0,2,2026-02-06 13:56:03.839,2026-02-06 13:56:03.839,0892800e-a54d-42f3-bda4-3d1214465ddf,,0892800e-a54d-42f3-bda4-3d1214465ddf,0.0,US7nt0+2+q,com.sec.android.app.shealth,82e3abe3-9a6b-439d-bf0f-1be91e4ef228,c44524f6-aec6-4586-aecd-fbf9f6cb89c2,
0.0,2,2026-02-06 13:56:42.045,2026-02-06 13:56:42.045,334d5077-d787-474e-b70b-2c1c30901f45,,334d5077-d787-474e-b70b-2c1c30901f45,0.0,US7nt0+2+q,com.sec.android.app.shealth,357b5bec-8d79-4301-93b6-03c8f3c413d9,ed1bbb6b-0b6e-4426-916e-a75eb0346b0f,
0.0,2,2026-02-06 13:56:57.305,2026-02-06 13:56:57.305,5b4ac201-dad0-4e90-b79b-0e455288e1f0,,5b4ac201-dad0-4e90-b79b-0e455288e1f0,0.0,US7nt0+2+q,com.sec.android.app.shealth,eafb8245-7d1e-425e-9c25-effdb141706f,1c284fb1-2dc8-4847-8f3c-6a07a9ac9aed,
0.0,2,2026-02-06 13:56:57.305,2026-02-06 13:56:57.305,5b4ac201-dad0-4e90-b79b-0e455288e1f0,,5b4ac201-dad0-4e90-b79b-0e455288e1f0,0.0,US7nt0+2+q,com.sec.android.app.shealth,999fc2b2-0e36-4508-a436-83ba6f8c9b17,c44524f6-aec6-4586-aecd-fbf9f6cb89c2,
0.0,2,2026-02-06 13:56:57.306,2026-02-06 13:56:57.306,5b4ac201-dad0-4e90-b79b-0e455288e1f0,,5b4ac201-dad0-4e90-b79b-0e455288e1f0,0.0,US7nt0+2+q,com.sec.android.app.shealth,d79c7ea6-9cc1-4a6a-a183-ff0ab515fc47,eb0cb5b9-cd56-4cb7-9f6c-e6e9fb13dd23,
0.0,2,2026-02-06 14:35:27.363,2026-02-06 14:35:27.363,c410d827-49da-4f2c-a493-f23c6f640ea4,,c410d827-49da-4f2c-a493-f23c6f640ea4,0.0,US7nt0+2+q,com.sec.android.app.shealth,863b11b2-e08a-4129-b556-399d9f840a9a,e49ab8f0-5d43-46ca-8e49-edc48b718d20,
0.0,2,2026-02-06 14:35:27.364,2026-02-06 14:35:27.364,c410d827-49da-4f2c-a493-f23c6f640ea4,,c410d827-49da-4f2c-a493-f23c6f640ea4,0.0,US7nt0+2+q,com.sec.android.app.shealth,43cab758-e3fd-43bf-bff5-7a599f0da77d,62adb641-f968-4ba4-8b40-64f23f4790b5,
1.0,3,2026-02-06 18:54:38.212,2026-02-06 18:54:38.212,Chicken soup,120001,4f94624a-30fa-47a1-bdcd-a92594ad9152,196.0,US7nt0+2+q,com.sec.android.app.shealth,1f503009-2582-49ae-84ad-ade7472f03f8,3c24d523-2d8b-4c67-a125-f289fc344aa1,
0.0,2,2026-02-06 18:55:42.381,2026-02-06 18:55:42.381,9ff890ec-ba10-4495-88ab-3017795a4df8,,9ff890ec-ba10-4495-88ab-3017795a4df8,0.0,US7nt0+2+q,com.sec.android.app.shealth,d172c921-77c7-4af4-aab4-08470402032b,3c24d523-2d8b-4c67-a125-f289fc344aa1,
0.0,2,2026-02-06 18:55:42.382,2026-02-06 18:55:42.382,9ff890ec-ba10-4495-88ab-3017795a4df8,,9ff890ec-ba10-4495-88ab-3017795a4df8,0.0,US7nt0+2+q,com.sec.android.app.shealth,49cfd02d-b504-4f82-9cfa-8552d127e886,ebae8079-fe9d-48ad-acf8-6242c13118d0,
