com.samsung.shealth.report,6311013,3
timezone,start_date,update_time,create_time,type,is_empty,version,deviceuuid,content,pkg_name,datauuid,compressed_content
Asia/Kolkata,1717871400000,2024-06-22 09:17:21.885,2024-06-22 09:17:21.885,0,0,3,US7nt0+2+q,X,com.sec.android.app.shealth,6f769d64-312f-4f69-8f96-469f518a707a,6f769d64-312f-4f69-8f96-469f518a707a.compressed_content.json,
Asia/Kolkata,1718476200000,2024-06-23 10:16:47.270,2024-06-23 10:16:47.270,0,0,3,US7nt0+2+q,X,com.sec.android.app.shealth,a3f9a72c-a4ae-4b96-8f5c-946481e51cde,a3f9a72c-a4ae-4b96-8f5c-946481e51cde.compressed_content.json,
Asia/Kolkata,1719081000000,2024-06-30 09:17:21.679,2024-06-30 09:17:21.679,0,0,3,US7nt0+2+q,X,com.sec.android.app.shealth,0324f7e7-7ab5-4669-82a8-8e3df2cb49c0,0324f7e7-7ab5-4669-82a8-8e3df2cb49c0.compressed_content.json,
Asia/Kolkata,1719685800000,2024-07-07 09:34:09.364,2024-07-07 09:34:09.364,0,0,3,US7nt0+2+q,X,com.sec.android.app.shealth,4a7524cb-5e4a-4619-9935-6dea47ef87da,4a7524cb-5e4a-4619-9935-6dea47ef87da.compressed_content.json,
Asia/Kolkata,1720290600000,2024-07-14 09:22:11.550,2024-07-14 09:22:11.550,0,0,3,US7nt0+2+q,X,com.sec.android.app.shealth,2b18ad1f-b56c-4cae-a42e-01271e8ac4d3,2b18ad1f-b56c-4cae-a42e-01271e8ac4d3.compressed_content.json,
Asia/Kolkata,1720895400000,2024-07-21 09:16:55.920,2024-07-21 09:16:55.920,0,0,3,US7nt0+2+q,X,com.sec.android.app.shealth,055b3531-a687-46cd-aa99-eba6c7653331,055b3531-a687-46cd-aa99-eba6c7653331.compressed_content.json,
Asia/Kolkata,1721500200000,2024-07-28 09:26:40.855,2024-07-28 09:26:40.855,0,0,3,US7nt0+2+q,X,com.sec.android.app.shealth,d4fa6c7a-7b4e-42b9-a7b0-7aa3d14889a4,d4fa6c7a-7b4e-42b9-a7b0-7aa3d14889a4.compressed_content.json,
Asia/Kolkata,1722105000000,2024-08-04 09:17:19.489,2024-08-04 09:17:19.489,0,0,3,US7nt0+2+q,X,com.sec.android.app.shealth,16bbc2f5-f4fc-4102-bcb7-9db94acc2904,16bbc2f5-f4fc-4102-bcb7-9db94acc2904.compressed_content.json,
Asia/Kolkata,1722709800000,2024-08-11 09:16:54.565,2024-08-11 09:16:54.565,0,0,3,US7nt0+2+q,X,com.sec.android.app.shealth,eb73fe30-e83d-4f11-b64e-d271fc0460e9,eb73fe30-e83d-4f11-b64e-d271fc0460e9.compressed_content.json,
Asia/Kolkata,1723314600000,2024-08-18 09:17:37.495,2024-08-18 09:17:37.495,0,0,3,US7nt0+2+q,X,com.sec.android.app.shealth,a7f48ba9-2ab5-4011-8131-8b254066b5ff,a7f48ba9-2ab5-4011-8131-8b254066b5ff.compressed_content.json,
Asia/Kolkata,1723919400000,2024-08-25 09:18:22.532,2024-08-25 09:18:22.532,0,0,3,US7nt0+2+q,X,com.sec.android.app.shealth,a3617efb-18d4-4282-9f7f-88214ed8d6dd,a3617efb-18d4-4282-9f7f-88214ed8d6dd.compressed_content.json,
Asia/Kolkata,1724524200000,2024-09-01 09:17:37.715,2024-09-01 09:17:37.715,0,0,3,US7nt0+2+q,X,com.sec.android.app.shealth,531d6736-cb25-461f-a0a6-07ae54330e1b,531d6736-cb25-461f-a0a6-07ae54330e1b.compressed_content.json,
Asia/Kolkata,1725129000000,2024-09-09 09:20:07.665,2024-09-09 09:20:07.665,0,0,3,US7nt0+2+q,X,com.sec.android.app.shealth,6e8a0ca5-3abe-4346-bb16-20d1aae7b390,6e8a0ca5-3abe-4346-bb16-20d1aae7b390.compressed_content.json,
Asia/Kolkata,1725733800000,2024-09-15 09:17:50.410,2024-09-15 09:17:50.410,0,0,3,US7nt0+2+q,X,com.sec.android.app.shealth,ecc506f3-341e-4675-9d71-92ac32447cca,ecc506f3-341e-4675-9d71-92ac32447cca.compressed_content.json,
Asia/Kolkata,1726338600000,2024-09-22 09:17:09.214,2024-09-22 09:17:09.214,0,0,3,US7nt0+2+q,X,com.sec.android.app.shealth,bcdea5d6-2bed-4dbe-bbbb-73ca77e97da7,bcdea5d6-2bed-4dbe-bbbb-73ca77e97da7.compressed_content.json,
Asia/Kolkata,1726943400000,2024-09-29 09:17:06.138,2024-09-29 09:17:06.138,0,0,3,US7nt0+2+q,X,com.sec.android.app.shealth,cacbf5b9-11cd-4d08-9bfb-6f522931548e,cacbf5b9-11cd-4d08-9bfb-6f522931548e.compressed_content.json,
Asia/Kolkata,1727548200000,2024-10-06 09:18:03.899,2024-10-06 09:18:03.899,0,0,3,US7nt0+2+q,X,com.sec.android.app.shealth,7cc4ebe8-355a-49b7-b745-068f5ca94061,7cc4ebe8-355a-49b7-b745-068f5ca94061.compressed_content.json,
Asia/Kolkata,1728153000000,2024-10-13 09:17:56.570,2024-10-13 09:17:56.570,0,0,3,US7nt0+2+q,X,com.sec.android.app.shealth,83367f98-074b-4686-a53e-4e4cf6654b02,83367f98-074b-4686-a53e-4e4cf6654b02.compressed_content.json,
Asia/Kolkata,1728757800000,2024-10-21 09:17:29.701,2024-10-21 09:17:29.701,0,0,3,US7nt0+2+q,X,com.sec.android.app.shealth,cc0908b3-47da-49b4-99fc-04e3398bf092,cc0908b3-47da-49b4-99fc-04e3398bf092.compressed_content.json,
Asia/Kolkata,1729362600000,2024-10-27 09:17:29.555,2024-10-27 09:17:29.555,0,0,3,US7nt0+2+q,X,com.sec.android.app.shealth,b1e767fb-269e-448f-97b3-983d04a0ae82,b1e767fb-269e-448f-97b3-983d04a0ae82.compressed_content.json,
Asia/Kolkata,1729967400000,2024-11-03 09:16:56.273,2024-11-03 09:16:56.273,0,0,3,US7nt0+2+q,X,com.sec.android.app.shealth,217f93eb-e562-4df4-8f1f-ebda26e41aa6,217f93eb-e562-4df4-8f1f-ebda26e41aa6.compressed_content.json,
Asia/Kolkata,1730572200000,2024-11-10 09:16:57.955,2024-11-10 09:16:57.955,0,0,3,US7nt0+2+q,X,com.sec.android.app.shealth,2d05378e-63f6-48d5-90d0-d2671b9dfa5a,2d05378e-63f6-48d5-90d0-d2671b9dfa5a.compressed_content.json,
Asia/Kolkata,1731177000000,2024-11-17 09:19:17.399,2024-11-17 09:19:17.399,0,0,3,US7nt0+2+q,X,com.sec.android.app.shealth,2713d575-0ff1-4c74-b081-8f21b37d0f9a,2713d575-0ff1-4c74-b081-8f21b37d0f9a.compressed_content.json,
Asia/Kolkata,1731781800000,2024-11-24 09:17:40.540,2024-11-24 09:17:40.540,0,0,3,US7nt0+2+q,X,com.sec.android.app.shealth,4e5edd4f-0048-4f36-bd53-e68d16d92f9a,4e5edd4f-0048-4f36-bd53-e68d16d92f9a.compressed_content.json,
Asia/Kolkata,1732386600000,2024-12-01 09:17:32.419,2024-12-01 09:17:32.419,0,0,3,US7nt0+2+q,X,com.sec.android.app.shealth,beed2633-d724-4854-aad3-44e713d94fce,beed2633-d724-4854-aad3-44e713d94fce.compressed_content.json,
Asia/Kolkata,1732991400000,2024-12-08 09:18:43.308,2024-12-08 09:18:43.308,0,0,3,US7nt0+2+q,X,com.sec.android.app.shealth,c14b8bf6-dd58-406f-8bfa-f52a396cea0e,c14b8bf6-dd58-406f-8bfa-f52a396cea0e.compressed_content.json,
Asia/Kolkata,1733596200000,2024-12-15 09:17:13.130,2024-12-15 09:17:13.130,0,0,3,US7nt0+2+q,X,com.sec.android.app.shealth,6a824f07-78f7-44f7-b8f9-36029171914e,6a824f07-78f7-44f7-b8f9-36029171914e.compressed_content.json,
Asia/Kolkata,1734201000000,2024-12-22 09:16:57.902,2024-12-22 09:16:57.902,0,0,3,US7nt0+2+q,X,com.sec.android.app.shealth,490f54f8-762e-4402-98ea-897b4f18e827,490f54f8-762e-4402-98ea-897b4f18e827.compressed_content.json,
Asia/Kolkata,1734805800000,2024-12-29 09:18:42.109,2024-12-29 09:18:42.109,0,0,3,US7nt0+2+q,X,com.sec.android.app.shealth,a9dbdb56-38e4-451a-a0a1-252040635ba7,a9dbdb56-38e4-451a-a0a1-252040635ba7.compressed_content.json,
Asia/Kolkata,1735410600000,2025-01-05 09:17:00.354,2025-01-05 09:17:00.354,0,0,3,US7nt0+2+q,X,com.sec.android.app.shealth,c55336c3-ac6f-4691-a744-dce4f2c2c808,c55336c3-ac6f-4691-a744-dce4f2c2c808.compressed_content.json,
Asia/Kolkata,1736015400000,2025-01-12 09:17:10.322,2025-01-12 09:17:10.322,0,0,3,US7nt0+2+q,X,com.sec.android.app.shealth,789ddd94-6c89-4824-a6e1-a9c3a9aa6b33,789ddd94-6c89-4824-a6e1-a9c3a9aa6b33.compressed_content.json,
Asia/Kolkata,1736620200000,2025-01-19 09:17:10.650,2025-01-19 09:17:10.650,0,0,3,US7nt0+2+q,X,com.sec.android.app.shealth,8eb3e7ea-2f05-4d90-b449-50dae233d1fe,8eb3e7ea-2f05-4d90-b449-50dae233d1fe.compressed_content.json,
Asia/Kolkata,1737225000000,2025-01-26 09:17:00.007,2025-01-26 09:17:00.007,0,0,3,US7nt0+2+q,X,com.sec.android.app.shealth,e4d3d748-c133-4bb4-a513-3ec29ccd5724,e4d3d748-c133-4bb4-a513-3ec29ccd5724.compressed_content.json,
Asia/Kolkata,1737829800000,2025-02-02 09:17:04.476,2025-02-02 09:17:04.476,0,0,3,US7nt0+2+q,X,com.sec.android.app.shealth,a919bc01-771f-44e3-bce5-f0531fe36227,a919bc01-771f-44e3-bce5-f0531fe36227.compressed_content.json,
Asia/Kolkata,1738434600000,2025-02-10 09:22:01.634,2025-02-10 09:22:01.634,0,0,3,US7nt0+2+q,X,com.sec.android.app.shealth,ead1e0d3-53bc-464d-aef7-7b4c9d9fd6b6,ead1e0d3-53bc-464d-aef7-7b4c9d9fd6b6.compressed_content.json,
Asia/Kolkata,1739039400000,2025-02-16 09:36:00.620,2025-02-16 09:36:00.620,0,0,3,US7nt0+2+q,X,com.sec.android.app.shealth,ccde1b89-22b2-4efd-8cb5-6c189e31c183,ccde1b89-22b2-4efd-8cb5-6c189e31c183.compressed_content.json,
Asia/Kolkata,1739644200000,2025-02-23 09:17:01.477,2025-02-23 09:17:01.477,0,0,3,US7nt0+2+q,X,com.sec.android.app.shealth,a180356d-3a4b-473a-8f63-542859167a64,a180356d-3a4b-473a-8f63-542859167a64.compressed_content.json,
Asia/Kolkata,1740249000000,2025-03-02 09:16:58.542,2025-03-02 09:16:58.542,0,0,3,US7nt0+2+q,X,com.sec.android.app.shealth,788ae5e8-cfcd-49e8-8bbf-0a5249344e0d,788ae5e8-cfcd-49e8-8bbf-0a5249344e0d.compressed_content.json,
Asia/Kolkata,1740853800000,2025-03-09 09:18:09.918,2025-03-09 09:18:09.918,0,0,3,US7nt0+2+q,X,com.sec.android.app.shealth,434bf3fd-ff81-4442-b368-e819e2aad4f3,434bf3fd-ff81-4442-b368-e819e2aad4f3.compressed_content.json,
Asia/Kolkata,1741458600000,2025-03-16 09:17:13.582,2025-03-16 09:17:13.582,0,0,3,US7nt0+2+q,X,com.sec.android.app.shealth,e62c35fc-4b05-4400-b688-06962cc60abb,e62c35fc-4b05-4400-b688-06962cc60abb.compressed_content.json,
Asia/Kolkata,1742063400000,2025-03-23 09:25:10.942,2025-03-23 09:25:10.942,0,0,3,US7nt0+2+q,X,com.sec.android.app.shealth,a62339e5-0f84-4a18-895e-99e0e4217133,a62339e5-0f84-4a18-895e-99e0e4217133.compressed_content.json,
Asia/Kolkata,1742668200000,2025-03-30 09:16:57.138,2025-03-30 09:16:57.138,0,0,3,US7nt0+2+q,X,com.sec.android.app.shealth,9ce92ea9-2b25-431d-8b69-e4872bc3acf7,9ce92ea9-2b25-431d-8b69-e4872bc3acf7.compressed_content.json,
Asia/Kolkata,1743273000000,2025-04-06 09:20:14.593,2025-04-06 09:20:14.593,0,0,3,US7nt0+2+q,X,com.sec.android.app.shealth,fa7e5247-8f9e-4ce4-89b0-2e6cd02c7580,fa7e5247-8f9e-4ce4-89b0-2e6cd02c7580.compressed_content.json,
Asia/Kolkata,1743877800000,2025-04-13 09:18:55.145,2025-04-13 09:18:55.145,0,0,3,US7nt0+2+q,X,com.sec.android.app.shealth,d3b5f26b-5343-4d66-932f-09f58a1e81d5,d3b5f26b-5343-4d66-932f-09f58a1e81d5.compressed_content.json,
Asia/Kolkata,1744482600000,2025-04-20 09:22:22.322,2025-04-20 09:22:22.322,0,0,3,US7nt0+2+q,X,com.sec.android.app.shealth,b0be6ea0-7b89-4498-af31-61a48c15fa66,b0be6ea0-7b89-4498-af31-61a48c15fa66.compressed_content.json,
Asia/Kolkata,1745087400000,2025-04-27 10:38:42.803,2025-04-27 10:38:42.803,0,0,3,US7nt0+2+q,X,com.sec.android.app.shealth,82602849-06af-4046-9097-a985a55fae43,82602849-06af-4046-9097-a985a55fae43.compressed_content.json,
Asia/Kolkata,1745692200000,2025-05-04 09:17:33.687,2025-05-04 09:17:33.687,0,0,3,US7nt0+2+q,X,com.sec.android.app.shealth,2f2bfa1e-053d-4a19-9c56-e994678b0a08,2f2bfa1e-053d-4a19-9c56-e994678b0a08.compressed_content.json,
Asia/Kolkata,1746297000000,2025-05-13 09:18:02.958,2025-05-13 09:18:02.958,0,0,3,US7nt0+2+q,X,com.sec.android.app.shealth,d254395b-074b-4cce-bd35-771fad8b10f6,d254395b-074b-4cce-bd35-771fad8b10f6.compressed_content.json,
Asia/Kolkata,1746901800000,2025-05-18 09:17:15.689,2025-05-18 09:17:15.689,0,0,3,US7nt0+2+q,X,com.sec.android.app.shealth,200a83d5-f04a-43c4-ad36-ee43f6bbed8b,200a83d5-f04a-43c4-ad36-ee43f6bbed8b.compressed_content.json,
Asia/Kolkata,1747506600000,2025-05-25 09:18:13.679,2025-05-25 09:18:13.679,0,0,3,US7nt0+2+q,X,com.sec.android.app.shealth,62f6011b-e435-4ca0-b021-e4e7123a5ede,62f6011b-e435-4ca0-b021-e4e7123a5ede.compressed_content.json,
Asia/Kolkata,1748111400000,2025-06-02 09:18:04.982,2025-06-02 09:18:04.982,0,0,3,US7nt0+2+q,X,com.sec.android.app.shealth,8eaa1e64-ed0d-4dc0-aa75-cb29b439f414,8eaa1e64-ed0d-4dc0-aa75-cb29b439f414.compressed_content.json,
