com.samsung.shealth.social.public_challenge.detail,6311013,1
status,update_time,create_time,body,pcid,deviceuuid,pkg_name,last_sync_time,datauuid
0,2025-01-30 11:20:48.362,2025-01-17 15:45:24.825,4958c50c-8ee2-4568-bf98-55721f0d0910.body.json,25010001,US7nt0+2+q,com.sec.android.app.shealth,1738236048350,4958c50c-8ee2-4568-bf98-55721f0d0910,
0,2025-02-28 18:28:13.492,2025-01-25 09:58:08.201,17d344d7-8518-4333-8db6-3f9cc3026ef8.body.json,25010010,US7nt0+2+q,com.sec.android.app.shealth,1740767293485,17d344d7-8518-4333-8db6-3f9cc3026ef8,
0,2025-01-25 09:58:08.206,2025-01-25 09:58:08.206,fd14b26f-046c-4b40-ba69-8a6dc8a84cb6.body.json,25010010,US7nt0+2+q,com.sec.android.app.shealth,1737799088183,fd14b26f-046c-4b40-ba69-8a6dc8a84cb6,
0,2025-02-24 13:41:09.631,2025-01-26 03:48:45.629,21b82dfe-2f55-493f-9834-96f8fa6db762.body.json,25020001,US7nt0+2+q,com.sec.android.app.shealth,1740404469619,21b82dfe-2f55-493f-9834-96f8fa6db762,
0,2025-01-26 03:48:45.638,2025-01-26 03:48:45.638,6de63ed9-196f-4f55-b3bb-f0b961b3a003.body.json,25020001,US7nt0+2+q,com.sec.android.app.shealth,1737863325610,6de63ed9-196f-4f55-b3bb-f0b961b3a003,
0,2025-03-17 00:58:27.960,2025-02-12 09:50:34.701,3f8eb5f8-a3a5-4b33-8b7a-3fd7a829eed9.body.json,25020002,US7nt0+2+q,com.sec.android.app.shealth,1742173107950,3f8eb5f8-a3a5-4b33-8b7a-3fd7a829eed9,
0,2025-02-12 09:50:34.714,2025-02-12 09:50:34.714,81742494-c826-47e0-b298-6f01db97759a.body.json,25020002,US7nt0+2+q,com.sec.android.app.shealth,1739353834691,81742494-c826-47e0-b298-6f01db97759a,
1,2025-04-06 16:44:28.065,2025-02-23 06:48:32.943,67f6800b-75a4-4826-acc2-06a298bd88eb.body.json,25030001,US7nt0+2+q,com.sec.android.app.shealth,1743957868059,67f6800b-75a4-4826-acc2-06a298bd88eb,
0,2025-04-30 06:40:23.565,2025-03-27 04:46:10.827,27b33a38-5a49-4be8-83a3-96e534931073.body.json,25040001,US7nt0+2+q,com.sec.android.app.shealth,1745995223548,27b33a38-5a49-4be8-83a3-96e534931073,
0,2025-04-09 01:28:32.676,2025-04-09 01:28:07.684,09ffd8d7-98a5-478a-981b-30af7192204b.body.json,25040004,US7nt0+2+q,com.sec.android.app.shealth,1744162112665,09ffd8d7-98a5-478a-981b-30af7192204b,
0,2025-04-09 01:28:07.767,2025-04-09 01:28:07.767,b920564d-7cee-4646-ada8-8ae6dab936cc.body.json,25040004,US7nt0+2+q,com.sec.android.app.shealth,1744162087677,b920564d-7cee-4646-ada8-8ae6dab936cc,
0,2025-05-18 04:51:34.762,2025-04-16 16:13:01.471,a41c3206-02d4-4cff-b45c-b66ebc7dc4ed.body.json,25040005,US7nt0+2+q,com.sec.android.app.shealth,1747543894746,a41c3206-02d4-4cff-b45c-b66ebc7dc4ed,
0,2025-06-01 02:56:40.335,2025-04-25 02:51:48.423,914690c7-fd86-45b7-949d-d26fccd5dd71.body.json,25050001,US7nt0+2+q,com.sec.android.app.shealth,1748746600320,914690c7-fd86-45b7-949d-d26fccd5dd71,
0,2025-04-25 02:51:48.432,2025-04-25 02:51:48.432,b56e8ad2-1269-4166-9ac3-dde89e7fffe5.body.json,25050001,US7nt0+2+q,com.sec.android.app.shealth,1745549508410,b56e8ad2-1269-4166-9ac3-dde89e7fffe5,
0,2025-07-01 18:50:40.156,2025-06-01 02:56:33.773,37c872cd-9814-4b95-ab1d-a9d54c4c69cc.body.json,25060001,US7nt0+2+q,com.sec.android.app.shealth,1751395840124,37c872cd-9814-4b95-ab1d-a9d54c4c69cc,
0,2025-06-01 02:56:33.804,2025-06-01 02:56:33.804,2c25bbe6-2c65-461b-8ff9-652e7164ac3f.body.json,25060001,US7nt0+2+q,com.sec.android.app.shealth,1748746593766,2c25bbe6-2c65-461b-8ff9-652e7164ac3f,
1,2025-07-28 15:11:26.617,2025-06-22 08:32:32.082,b8c8051f-f206-49c9-80bc-a23d242939ba.body.json,25060008,US7nt0+2+q,com.sec.android.app.shealth,1753715486591,b8c8051f-f206-49c9-80bc-a23d242939ba,
0,2025-08-02 07:10:37.789,2025-07-01 18:50:59.663,208e5a00-649e-404a-aae3-8809b092c43a.body.json,25070001,US7nt0+2+q,com.sec.android.app.shealth,1754118637778,208e5a00-649e-404a-aae3-8809b092c43a,
0,2025-08-31 03:18:46.765,2025-07-28 15:11:35.571,fe31ff60-c0ab-45da-8451-0e0fc4b8ddf6.body.json,25080002,US7nt0+2+q,com.sec.android.app.shealth,1756610326757,fe31ff60-c0ab-45da-8451-0e0fc4b8ddf6,
0,2025-08-31 03:18:32.171,2025-07-28 15:11:39.064,d0ea1092-670a-466b-8796-46555ddc48ba.body.json,25080001,US7nt0+2+q,com.sec.android.app.shealth,1756610312158,d0ea1092-670a-466b-8796-46555ddc48ba,
1,2025-10-06 16:24:13.371,2025-08-26 11:02:42.859,8f7f4a65-2aba-42d2-8e80-a5a90661738e.body.json,25090001,US7nt0+2+q,com.sec.android.app.shealth,1759767853361,8f7f4a65-2aba-42d2-8e80-a5a90661738e,
0,2025-10-31 16:38:41.510,2025-09-25 13:57:59.565,67967e79-5a21-4400-b188-74e8d39e9a37.body.json,25100001,US7nt0+2+q,com.sec.android.app.shealth,1761928721502,67967e79-5a21-4400-b188-74e8d39e9a37,
0,2025-10-28 03:18:56.812,2025-09-26 19:49:46.221,d1519b80-9b72-4aac-b9ec-b9ff4a81b49d.body.json,25090008,US7nt0+2+q,com.sec.android.app.shealth,1761621536800,d1519b80-9b72-4aac-b9ec-b9ff4a81b49d,
1,2025-10-16 16:34:12.838,2025-09-26 19:50:02.493,21c36730-d1c0-4641-8b47-0ec3f3b03aaf.body.json,25100002,US7nt0+2+q,com.sec.android.app.shealth,1760632452823,21c36730-d1c0-4641-8b47-0ec3f3b03aaf,
0,2025-11-30 15:51:56.761,2025-10-25 18:39:44.644,d9531206-4b52-4075-92a3-87db59b5544a.body.json,25110002,US7nt0+2+q,com.sec.android.app.shealth,1764517916723,d9531206-4b52-4075-92a3-87db59b5544a,
1,2026-01-06 17:06:15.078,2025-11-25 02:49:57.369,154339f3-b3c8-49fc-95a2-fb4f1128c111.body.json,25120002,US7nt0+2+q,com.sec.android.app.shealth,1767719175071,154339f3-b3c8-49fc-95a2-fb4f1128c111,
1,2026-02-06 08:10:23.259,2025-12-26 02:44:40.099,3753ebce-a82c-4c37-b0d6-f4e057274b72.body.json,26010001,US7nt0+2+q,com.sec.android.app.shealth,1770365423252,3753ebce-a82c-4c37-b0d6-f4e057274b72,
1,2026-02-26 04:12:24.863,2026-01-22 12:46:04.208,41df55a0-9bea-43df-b4e8-17a33e958e4f.body.json,26010007,US7nt0+2+q,com.sec.android.app.shealth,1772079144850,41df55a0-9bea-43df-b4e8-17a33e958e4f,
1,2026-03-07 03:59:51.117,2026-01-26 03:07:41.471,a38a14af-53df-466c-a2b5-52e71dbd51c5.body.json,26020001,US7nt0+2+q,com.sec.android.app.shealth,1772855991106,a38a14af-53df-466c-a2b5-52e71dbd51c5,
1,2026-02-26 04:11:38.428,2026-02-05 05:32:18.360,cf47e043-1325-4184-9ed5-5376967f77e4.body.json,26020002,US7nt0+2+q,com.sec.android.app.shealth,1772079098391,cf47e043-1325-4184-9ed5-5376967f77e4,
0,2026-03-07 03:59:41.003,2026-02-23 16:03:50.762,4ac5bca9-52c7-4f2e-a92f-b6807b0f49e9.body.json,26030001,US7nt0+2+q,com.sec.android.app.shealth,1772855980988,4ac5bca9-52c7-4f2e-a92f-b6807b0f49e9,
