com.samsung.health.weight,6311013,12
body_fat_mass,create_sh_ver,start_time,custom,height,weight,muscle_mass,modify_sh_ver,update_time,create_time,client_data_id,skeletal_muscle,fat_free_mass,client_data_ver,basal_metabolic_rate,time_offset,deviceuuid,skeletal_muscle_mass,comment,fat_free,pkg_name,body_fat,datauuid,vfa_level,total_body_water
,62670070,2024-06-21 08:16:10.369,,,60.0,,62670070,2024-06-21 08:16:14.528,2024-06-21 08:16:14.528,,,,,,UTC+0530,US7nt0+2+q,,,,com.sec.android.app.shealth,,fe3907ae-e539-4dd7-aa0b-7a6c657aa177,,,
,62710150,2024-08-13 16:28:51.336,,,66.0,,62710150,2024-08-13 16:29:06.148,2024-08-13 16:29:06.148,,,,,,UTC+0530,US7nt0+2+q,,,,com.sec.android.app.shealth,,efaa10b7-ae5c-436c-8098-73886f9cfbab,,,
,62850050,2024-12-06 09:25:57.925,,170.0,62.0,,62850050,2024-12-06 09:26:06.972,2024-12-06 09:26:06.972,,,,,,UTC+0530,US7nt0+2+q,,,,com.sec.android.app.shealth,,34fdd2c3-94d4-4241-8bcb-474ed2634871,,,
,62900750,2025-01-21 11:10:48.707,,170.0,64.0,,62900750,2025-01-21 11:10:52.958,2025-01-21 11:10:52.958,,,,,,UTC+0530,US7nt0+2+q,,,,com.sec.android.app.shealth,,7ff712b2-00ad-4329-a392-80a70fc052e3,,,
,62920010,2025-02-08 12:39:29.130,,170.0,65.0,,62920010,2025-02-08 12:39:32.562,2025-02-08 12:39:32.562,,,,,,UTC+0530,US7nt0+2+q,,,,com.sec.android.app.shealth,,3805e987-ba16-4fdd-a22d-241950f67cbb,,,
,62930070,2025-03-20 18:28:57.556,,,62.0,,62930070,2025-03-23 16:33:41.984,2025-03-23 16:33:41.984,,,,,,UTC+0530,US7nt0+2+q,,,,com.google.android.apps.fitness,,1f3005d8-a57f-4b02-84f7-1a7fb7fcb285,,,
,62950170,2025-04-16 16:44:40.264,,170.0,63.5,,62950170,2025-04-16 16:44:47.958,2025-04-16 16:44:47.958,,,,,,UTC+0530,US7nt0+2+q,,,,com.sec.android.app.shealth,,3777d27a-5d49-474e-b094-0a2b7d0128f3,,,
,63030110,2025-08-13 03:09:18.813,,,66.0,,63030110,2025-08-13 15:18:40.403,2025-08-13 15:18:40.403,,,,,,UTC+0530,US7nt0+2+q,,,,com.google.android.apps.fitness,,c0b5b4de-a9b4-43ed-b9ba-c03f12d3f3c4,,,
,63051050,2025-09-29 08:08:00.000,,,65.0,,63051050,2025-09-29 08:11:00.215,2025-09-29 08:11:00.215,,,,,,UTC+0530,US7nt0+2+q,,,,com.google.android.apps.fitness,,977dc38c-4100-4ea3-b1f2-d2e726b02c91,,,
,63051050,2025-10-28 11:14:01.604,,173.0,67.0,,63051050,2025-10-28 11:14:04.640,2025-10-28 11:14:04.640,,,,,,UTC+0530,US7nt0+2+q,,,,com.sec.android.app.shealth,,4de1544c-7bf2-441a-b599-680a3741b06a,,,
,63070030,2025-12-24 05:35:49.440,,173.0,68.0,,63070030,2025-12-24 05:35:52.526,2025-12-24 05:35:52.526,,,,,,UTC+0530,US7nt0+2+q,,,,com.sec.android.app.shealth,,26b8e5e7-c863-41f9-b437-3729340dd96c,,,
,63070030,2026-01-07 10:33:00.177,,173.0,69.8,,63070030,2026-01-07 10:33:06.725,2026-01-07 10:33:06.725,,,,,,UTC+0530,US7nt0+2+q,,,,com.sec.android.app.shealth,,76d3e1c6-4f20-449f-8745-819a4ad0409b,,,
,63070030,2026-01-17 03:32:17.681,,,69.0,,63070030,2026-01-17 05:26:21.151,2026-01-17 05:26:21.151,,,,,,UTC+0530,US7nt0+2+q,,,,com.google.android.apps.fitness,,b87baa9a-cd60-442e-9d71-6a7728b9c115,,,
,63070030,2026-02-16 04:34:02.345,,173.0,66.9,,63070030,2026-02-16 04:34:10.634,2026-02-16 04:34:10.634,,,,,,UTC+0530,US7nt0+2+q,,,,com.sec.android.app.shealth,,05e3a082-aac0-4445-b4dc-ac7c8037aaf7,,,
,63110130,2026-03-04 15:41:10.180,,,66.9,,63110130,2026-03-05 01:25:11.449,2026-03-05 01:25:11.449,,,,,,UTC+0530,US7nt0+2+q,,,,homeworkout.homeworkouts.noequipment,,f254da53-99c4-4813-978d-79ffc560c0d8,,,
