com.samsung.shealth.exercise.weather,6311013,3
uv_index,sunset_time,start_time,latitude,custom,wind_direction,phrase,sundown_time,temperature_scale,content_provider,update_time,create_time,type,longitude,temperature,humidity,time_offset,deviceuuid,exercise_id,pkg_name,wind_speed_unit,forecast_time,wind_speed,icon_info_id,datauuid
,0,2024-06-28 02:21:57.178,15.270391,,WSW. 240,Cloudy,0,1,TWC,2024-06-28 02:21:57.179,2024-06-28 02:21:57.179,1,76.3773,25.0,85,UTC+0530,US7nt0+2+q,c263f9d3-bf63-40e9-bc70-983f4fd299a7,com.sec.android.app.shealth,km/h,0,21.0,3,54af9abd-fdae-46e5-9a4d-df3afec2b2f5,
,0,2024-08-13 16:27:30.987,12.922222,,ESE. 120,Partly Cloudy,0,1,TWC,2024-08-13 16:27:30.990,2024-08-13 16:27:30.990,1,77.49628,26.0,80,UTC+0530,US7nt0+2+q,2b808f55-2ea1-4ed7-894b-fdcbf29e3452,com.sec.android.app.shealth,km/h,0,11.0,19,70b2a6bf-752c-41da-8089-dc0b6cc69afb,
,0,2025-03-23 16:21:46.405,12.923001,,E. 100,Partly Cloudy,0,1,TWC,2025-03-23 16:21:46.408,2025-03-23 16:21:46.408,1,77.49683,24.0,75,UTC+0530,US7nt0+2+q,d4b535eb-9def-402b-be1d-331c3a3d8528,com.sec.android.app.shealth,km/h,0,16.0,19,0a772d7e-6b9d-4078-a593-6c56628c53ec,
,0,2025-03-27 15:17:57.796,12.917066,,ENE. 60,Fair,0,1,TWC,2025-03-27 15:17:57.848,2025-03-27 15:17:57.848,1,77.50018,28.0,45,UTC+0530,US7nt0+2+q,9922e66d-416f-4f7e-a7ed-af1b76551784,com.sec.android.app.shealth,km/h,0,0.0,18,bbf0ae4e-4d3d-4652-8397-46f1bcc2e0f0,
,0,2025-03-29 02:35:02.513,15.269247,,SSW. 210,Sunny,0,1,TWC,2025-03-29 02:35:02.514,2025-03-29 02:35:02.514,1,76.37757,27.0,62,UTC+0530,US7nt0+2+q,15ad4e21-bb7f-4411-914c-19c5d426ea40,com.sec.android.app.shealth,km/h,0,10.0,1,74862406-744b-4903-b6e1-a4fa86dcac99,
,0,2025-04-01 10:08:14.663,12.917988,,NE. 50,Partly Cloudy,0,1,TWC,2025-04-01 10:08:14.666,2025-04-01 10:08:14.666,1,77.49766,32.0,32,UTC+0530,US7nt0+2+q,f05a011e-6d41-41f9-9d31-16350562d169,com.sec.android.app.shealth,km/h,0,3.0,2,9fec4ea2-5099-40cb-af2c-010f9017a8e6,
,0,2025-04-03 11:09:19.403,12.922117,,ESE. 120,Mostly Cloudy,0,1,TWC,2025-04-03 11:09:19.404,2025-04-03 11:09:19.404,1,77.496414,26.0,67,UTC+0530,US7nt0+2+q,227d6603-8107-4e0b-b672-b5c3e7c5eb6f,com.sec.android.app.shealth,km/h,0,3.0,3,00aca8de-8e22-46ce-89cb-9d4738f77139,
,0,2025-04-04 04:02:13.568,12.920924,,NNW. 330,Mostly Cloudy,0,1,TWC,2025-04-04 04:02:13.570,2025-04-04 04:02:13.570,1,77.50264,27.0,67,UTC+0530,US7nt0+2+q,315a864a-0e65-468b-bd26-061a2b4d5140,com.sec.android.app.shealth,km/h,0,3.0,3,5654126d-c4e0-412e-9857-9d0e2cf396c8,
,0,2025-04-06 15:35:34.602,12.9198885,,E. 90,Partly Cloudy,0,1,TWC,2025-04-06 15:35:34.604,2025-04-06 15:35:34.604,1,77.49269,28.0,53,UTC+0530,US7nt0+2+q,aae4d418-7aae-4ac5-b99e-ed157b7fdc91,com.sec.android.app.shealth,km/h,0,5.0,19,82d82cb5-86eb-4a22-a75a-33f4330e578b,
,0,2025-04-08 10:57:13.319,12.9220705,,E. 90,Partly Cloudy,0,1,TWC,2025-04-08 10:57:13.329,2025-04-08 10:57:13.329,1,77.49627,33.0,24,UTC+0530,US7nt0+2+q,8295ac75-44d7-49d0-b33a-475efc5e1b77,com.sec.android.app.shealth,km/h,0,16.0,2,c3bcee54-cbc0-42bd-8f4f-e8209e71bf43,
,0,2025-04-09 14:55:18.308,12.922742,,E. 90,Fair,0,1,TWC,2025-04-09 14:55:18.308,2025-04-09 14:55:18.308,1,77.496475,28.0,42,UTC+0530,US7nt0+2+q,bd3df987-aae7-442e-aade-ced4df349666,com.sec.android.app.shealth,km/h,0,13.0,18,186f1607-6871-4e22-ade2-51c1509e87c7,
,0,2025-04-11 13:15:54.851,12.921976,,ESE. 110,Partly Cloudy,0,1,TWC,2025-04-11 13:15:54.853,2025-04-11 13:15:54.853,1,77.496254,27.0,52,UTC+0530,US7nt0+2+q,b4861d13-47c3-478f-aa19-460aa830b8ee,com.sec.android.app.shealth,km/h,0,11.0,19,ea5b427c-5d22-4418-ac00-5a3ec469b2dc,
,0,2025-04-13 15:10:15.887,12.9228525,,E. 100,Mostly Cloudy,0,1,TWC,2025-04-13 15:10:15.891,2025-04-13 15:10:15.891,1,77.496216,25.0,58,UTC+0530,US7nt0+2+q,7fd7d373-b8b3-48af-b449-b9b4c8c91bea,com.sec.android.app.shealth,km/h,0,14.0,3,9141595a-a670-40fe-a5c7-b32266446c6a,
,0,2025-04-16 15:23:59.258,12.925439,,W. 270,Light Drizzle,0,1,TWC,2025-04-16 15:23:59.259,2025-04-16 15:23:59.259,1,77.494156,23.0,76,UTC+0530,US7nt0+2+q,cc78971f-f23b-43b4-9aac-e744e5b0d6b0,com.sec.android.app.shealth,km/h,0,8.0,5,c7b12faa-ac69-455a-bde5-dcaf7d786d49,
,0,2025-04-17 14:51:27.796,12.922176,,ESE. 120,Fair,0,1,TWC,2025-04-17 14:51:27.798,2025-04-17 14:51:27.798,1,77.49519,27.0,60,UTC+0530,US7nt0+2+q,45e0f2b5-f065-499e-8efc-1d4c27170a86,com.sec.android.app.shealth,km/h,0,10.0,18,4b88fc6f-f4bc-4756-b8b5-a6ec12f37659,
,0,2025-04-18 14:31:05.623,12.922393,,W. 260,Mostly Cloudy,0,1,TWC,2025-04-18 14:31:05.624,2025-04-18 14:31:05.624,1,77.49638,25.0,73,UTC+0530,US7nt0+2+q,bc9f8932-e3d2-46cd-9b27-bf224d9874ee,com.sec.android.app.shealth,km/h,0,8.0,3,02add2a2-54e7-4c4f-8e3d-e1396ff3c79a,
,0,2025-04-20 15:10:12.275,12.923474,,NNE. 30,Partly Cloudy,0,1,TWC,2025-04-20 15:10:12.276,2025-04-20 15:10:12.276,1,77.497505,25.0,73,UTC+0530,US7nt0+2+q,994345c6-112d-4fce-8b33-7c0e9270959c,com.sec.android.app.shealth,km/h,0,3.0,19,7806a862-6667-4957-8c0f-6f83b922558e,
,0,2025-04-27 17:43:30.207,12.978552,,ESE. 120,Partly Cloudy,0,1,TWC,2025-04-27 17:43:30.226,2025-04-27 17:43:30.226,1,77.57511,24.0,73,UTC+0530,US7nt0+2+q,b7050cbd-3f8a-42d6-aa82-d16ac821bad0,com.sec.android.app.shealth,km/h,0,13.0,19,14b2bef6-47c0-4e32-b89c-a5c8e828077e,
,0,2025-04-30 01:30:57.722,15.269207,,WSW. 240,Sunny,0,1,TWC,2025-04-30 01:30:57.730,2025-04-30 01:30:57.730,1,76.377495,27.0,79,UTC+0530,US7nt0+2+q,42fd1697-5569-4544-a217-caafd032108a,com.sec.android.app.shealth,km/h,0,13.0,1,a6d435c1-13a8-4dea-842e-881b9e785249,
,0,2025-05-02 01:35:20.102,15.2606125,,SW. 230,Sunny,0,1,TWC,2025-05-02 01:35:20.140,2025-05-02 01:35:20.140,1,76.37198,26.0,81,UTC+0530,US7nt0+2+q,eefeb8e7-69d2-4fd1-bdaa-7023d04b7859,com.sec.android.app.shealth,km/h,0,14.0,1,04c56b0b-5fec-49c7-8491-9dfbf44a58a0,
,0,2025-05-02 02:00:11.877,15.261918,,WSW. 240,Sunny,0,1,TWC,2025-05-02 02:00:11.879,2025-05-02 02:00:11.879,1,76.36348,27.0,79,UTC+0530,US7nt0+2+q,ffec939d-d941-42a4-a2bc-a7670f869a64,com.sec.android.app.shealth,km/h,0,14.0,1,69af04da-7b25-4833-b4d0-c9cc4f0b95f6,
,0,2025-05-10 02:59:14.656,15.269259,,W. 270,Sunny,0,1,TWC,2025-05-10 02:59:14.658,2025-05-10 02:59:14.658,1,76.377556,27.0,64,UTC+0530,US7nt0+2+q,2aba3883-f548-4040-b111-6a0113c3af3f,com.sec.android.app.shealth,km/h,0,10.0,1,666f13a1-4995-4427-a304-8c5c352f0041,
,0,2025-05-13 07:55:03.493,12.923773,,WSW. 250,Partly Cloudy,0,1,TWC,2025-05-13 07:55:03.499,2025-05-13 07:55:03.499,1,77.502045,32.0,51,UTC+0530,US7nt0+2+q,d116ddf2-4c8a-49aa-8d67-3b68c4de7415,com.sec.android.app.shealth,km/h,0,11.0,2,b9c98ab6-b951-433d-b3b1-e79c330b874b,
,0,2025-05-13 08:15:14.722,12.922219,,WSW. 250,Partly Cloudy,0,1,TWC,2025-05-13 08:15:14.732,2025-05-13 08:15:14.732,1,77.49631,32.0,51,UTC+0530,US7nt0+2+q,4a1de12d-6cb2-4c2b-8103-83b0f183ac78,com.sec.android.app.shealth,km/h,0,11.0,2,b2bf9b62-4d87-4ec6-9aaf-3506394903af,
,0,2025-05-17 14:13:52.251,12.929991,,WNW. 290,Thunderstorm,0,1,TWC,2025-05-17 14:13:52.277,2025-05-17 14:13:52.277,1,77.50001,23.0,85,UTC+0530,US7nt0+2+q,b7208241-3603-4ce2-83a2-744c50553156,com.sec.android.app.shealth,km/h,0,14.0,14,770647f0-985c-4409-a2ee-65fb22d860f3,
,0,2025-05-24 08:23:55.450,13.030273,,SW. 230,Mostly Cloudy,0,1,TWC,2025-05-24 08:23:55.454,2025-05-24 08:23:55.454,1,77.70823,26.0,72,UTC+0530,US7nt0+2+q,7fa24bb9-1a19-4ccc-8c30-3b10f17131b7,com.sec.android.app.shealth,km/h,0,27.0,3,2af92f4d-a25c-43e0-92ec-ec83f5dfb811,
,0,2025-05-24 08:44:47.654,13.021172,,SW. 230,Mostly Cloudy,0,1,TWC,2025-05-24 08:44:47.697,2025-05-24 08:44:47.697,1,77.707405,26.0,73,UTC+0530,US7nt0+2+q,60a91e6b-4ef0-413b-ad69-7d4141137de5,com.sec.android.app.shealth,km/h,0,27.0,3,75e4194b-cc45-42d6-bead-a05f84c45ad4,
,0,2025-05-26 08:27:10.695,12.923417,,WSW. 250,Rain,0,1,TWC,2025-05-26 08:27:10.700,2025-05-26 08:27:10.700,1,77.50213,25.0,81,UTC+0530,US7nt0+2+q,be2447a2-6ad1-4b2c-9b76-69c7864c0f70,com.sec.android.app.shealth,km/h,0,24.0,5,ef04ea3b-68b9-40f3-b761-9836fb773cf3,
,0,2025-05-26 17:24:30.915,12.922321,,WSW. 240,Partly Cloudy,0,1,TWC,2025-05-26 17:24:30.922,2025-05-26 17:24:30.922,1,77.49633,22.0,89,UTC+0530,US7nt0+2+q,ce9bba67-f14c-4d7d-ae9b-e2b9404268b5,com.sec.android.app.shealth,km/h,0,27.0,19,39670968-3ab4-48da-a944-9792775fe6f3,
,0,2025-06-10 06:09:49.542,12.952981,,W. 270,Partly Cloudy,0,1,TWC,2025-06-10 06:09:49.543,2025-06-10 06:09:49.543,1,77.54169,28.0,63,UTC+0530,US7nt0+2+q,d61cdd3b-7444-45ac-bde3-2ad592fb13ac,com.sec.android.app.shealth,km/h,0,18.0,2,a72dbd3f-4676-47b0-b515-792913e4ad09,
,0,2025-06-10 07:13:01.100,12.980586,,W. 270,Mostly Cloudy,0,1,TWC,2025-06-10 07:13:01.101,2025-06-10 07:13:01.101,1,77.56344,29.0,63,UTC+0530,US7nt0+2+q,2636cf94-5042-4b35-9800-f6cd0e6f444b,com.sec.android.app.shealth,km/h,0,5.0,3,cd0515be-a3f2-4cb3-a03e-404118df23b8,
,0,2025-06-10 14:58:41.608,13.198402,,WNW. 290,Fair,0,1,TWC,2025-06-10 14:58:41.616,2025-06-10 14:58:41.616,1,77.71579,26.0,64,UTC+0530,US7nt0+2+q,ffc7c684-e1d0-4421-a295-aa47e18386b5,com.sec.android.app.shealth,km/h,0,14.0,18,72c73b9a-0dd7-4d16-8482-54a92289d741,
,0,2025-06-11 09:14:41.839,12.303011,,W. 260,Mostly Cloudy,0,1,TWC,2025-06-11 09:14:41.842,2025-06-11 09:14:41.842,1,76.654305,27.0,71,UTC+0530,US7nt0+2+q,9296d1af-d249-4581-894b-891eed013653,com.sec.android.app.shealth,km/h,0,3.0,3,5599328c-5c95-4f56-a955-6efffd6f7473,
,0,2025-06-18 04:35:12.072,17.307234,,WSW. 240,Showers in the Vicinity,0,1,TWC,2025-06-18 04:35:12.076,2025-06-18 04:35:12.076,1,74.192505,26.0,79,UTC+0530,US7nt0+2+q,ae66c57c-e7f7-49eb-a020-7a158d64df10,com.sec.android.app.shealth,km/h,0,21.0,3,707197b8-6af8-4c40-a396-37bfd77a2cc2,
,0,2025-07-18 05:17:15.249,12.923664,,W. 260,Mostly Cloudy,0,1,TWC,2025-07-18 05:17:15.258,2025-07-18 05:17:15.258,1,77.5006,26.0,74,UTC+0530,US7nt0+2+q,594155fd-2c5f-4af7-b6e7-b39784efa16a,com.sec.android.app.shealth,km/h,0,14.0,3,4cde418d-e1da-4e6e-9f01-95c043cb437c,
,0,2025-07-25 05:23:54.935,12.922988,,WSW. 240,Mostly Cloudy,0,1,TWC,2025-07-25 05:23:54.963,2025-07-25 05:23:54.963,1,77.50194,24.0,77,UTC+0530,US7nt0+2+q,74c8b402-a025-4818-afc7-b367b2ca8a7d,com.sec.android.app.shealth,km/h,0,24.0,3,66a910c7-25db-441f-9623-74b4947b567c,
,0,2025-07-29 03:11:32.491,12.921928,,WSW. 250,Mist,0,1,TWC,2025-07-29 03:11:32.493,2025-07-29 03:11:32.493,1,77.50897,22.0,84,UTC+0530,US7nt0+2+q,1d8dc90e-d97a-46bd-87ea-df7200b86eaf,com.sec.android.app.shealth,km/h,0,18.0,4,d93fca64-ebf0-4f2f-ace0-4c5c453e15c3,
,0,2025-07-29 03:32:10.993,12.922942,,SW. 230,Mostly Cloudy,0,1,TWC,2025-07-29 03:32:10.995,2025-07-29 03:32:10.995,1,77.49668,22.0,88,UTC+0530,US7nt0+2+q,e53831cc-05f9-45ae-9fdb-7c076c9f59e6,com.sec.android.app.shealth,km/h,0,5.0,3,6cdfde25-62a8-4838-9454-c6585fbed191,
,0,2025-07-30 10:16:50.814,12.922225,,W. 270,Partly Cloudy,0,1,TWC,2025-07-30 10:16:50.817,2025-07-30 10:16:50.817,1,77.49628,28.0,59,UTC+0530,US7nt0+2+q,bc29b550-d92f-4775-aee6-c9e5b5d6a6b1,com.sec.android.app.shealth,km/h,0,23.0,2,6f34f3a3-9094-460f-9e66-6b71d347d14e,
,0,2025-08-02 13:59:05.976,12.916895,,NW. 320,Fair,0,1,TWC,2025-08-02 13:59:05.978,2025-08-02 13:59:05.978,1,77.48302,26.0,73,UTC+0530,US7nt0+2+q,cdf1e00e-f2bf-4ef3-9ca7-423926ef363f,com.sec.android.app.shealth,km/h,0,5.0,18,27ec5a30-9731-462b-a0a1-976a1df38495,
,0,2025-08-02 15:29:58.453,12.9223795,,W. 270,Fair,0,1,TWC,2025-08-02 15:29:58.457,2025-08-02 15:29:58.457,1,77.49638,24.0,81,UTC+0530,US7nt0+2+q,1e621534-8298-473b-974e-3901532c8d67,com.sec.android.app.shealth,km/h,0,8.0,18,a6418513-3c80-4d1e-97ef-6c6f9c3cc880,
,0,2025-08-03 17:43:03.115,12.922236,,SE. 130,Mostly Cloudy,0,1,TWC,2025-08-03 17:43:03.133,2025-08-03 17:43:03.133,1,77.49628,24.0,84,UTC+0530,US7nt0+2+q,de02d506-9306-409b-aef8-7ce8a81c3640,com.sec.android.app.shealth,km/h,0,11.0,3,6da8a433-214c-4fba-b667-eb90c15a502d,
,0,2025-08-06 10:33:32.086,12.923543,,W. 260,Partly Cloudy,0,1,TWC,2025-08-06 10:33:32.098,2025-08-06 10:33:32.098,1,77.502174,28.0,63,UTC+0530,US7nt0+2+q,cafa6c82-f84e-488a-adcb-17a010ae279f,com.sec.android.app.shealth,km/h,0,11.0,2,d42a75cd-aa4e-4ff7-9d46-a5e1d6b877d8,
,0,2025-08-06 16:05:37.467,12.936151,,W. 270,Mostly Cloudy,0,1,TWC,2025-08-06 16:05:37.477,2025-08-06 16:05:37.477,1,77.517624,24.0,84,UTC+0530,US7nt0+2+q,037d1c06-6de2-4834-a7da-e60a9152d6aa,com.sec.android.app.shealth,km/h,0,5.0,3,01253cf5-6090-4d60-86b5-262a58c692b5,
,0,2025-08-06 16:34:44.563,12.9402895,,W. 270,Partly Cloudy,0,1,TWC,2025-08-06 16:34:44.567,2025-08-06 16:34:44.567,1,77.525246,24.0,84,UTC+0530,US7nt0+2+q,c6409d26-c9ac-4b5b-b6da-376a687eb413,com.sec.android.app.shealth,km/h,0,5.0,19,cc0493bf-e150-4161-8e0a-9481f5eabe36,
,0,2025-08-11 07:11:27.311,12.922235,,SW. 230,Mostly Cloudy,0,1,TWC,2025-08-11 07:11:27.314,2025-08-11 07:11:27.314,1,77.49628,26.0,74,UTC+0530,US7nt0+2+q,9b36f84e-5a98-4927-a0e9-2c6d60ba402e,com.sec.android.app.shealth,km/h,0,5.0,3,d14a65df-7718-435a-9371-37e396ff1936,
,0,2025-08-11 15:00:08.295,12.922207,,WSW. 250,Mostly Cloudy,0,1,TWC,2025-08-11 15:00:08.297,2025-08-11 15:00:08.297,1,77.49628,23.0,83,UTC+0530,US7nt0+2+q,fb2c4da6-7ffd-45c9-9ad0-259a745468f8,com.sec.android.app.shealth,km/h,0,13.0,3,81faf092-9623-4414-a929-474553fd4a5e,
,0,2025-08-12 14:59:20.348,12.922239,,W. 280,Mostly Cloudy,0,1,TWC,2025-08-12 14:59:20.355,2025-08-12 14:59:20.355,1,77.49627,21.0,94,UTC+0530,US7nt0+2+q,8a256c33-59d4-4ba3-9c46-84ae2bcccc1a,com.sec.android.app.shealth,km/h,0,21.0,3,dd229165-e9f4-4968-93d1-ccfb006657ec,
,0,2025-08-13 15:46:39.050,12.922346,,W. 270,Mostly Cloudy,0,1,TWC,2025-08-13 15:46:39.092,2025-08-13 15:46:39.092,1,77.496284,21.0,94,UTC+0530,US7nt0+2+q,fc79ad52-0b87-4aee-a572-71eb8e93bfc1,com.sec.android.app.shealth,km/h,0,5.0,3,be3f9e15-5a95-41ba-977d-50ee5a9533be,
,0,2025-08-22 04:44:44.695,12.92283,,WSW. 240,Partly Cloudy,0,1,TWC,2025-08-22 04:44:44.698,2025-08-22 04:44:44.698,1,77.501915,25.0,75,UTC+0530,US7nt0+2+q,4f97da2d-11c3-479f-8f02-7c6079310b02,com.sec.android.app.shealth,km/h,0,14.0,2,ae9172b2-412c-4a2f-b1ca-48a5f131b45c,
,0,2025-08-23 12:52:49.132,12.9347515,,SW. 230,Mostly Cloudy,0,1,TWC,2025-08-23 12:52:49.133,2025-08-23 12:52:49.133,1,77.51124,24.0,78,UTC+0530,US7nt0+2+q,49816754-c3e4-4144-8ea2-2f62e17ddb84,com.sec.android.app.shealth,km/h,0,5.0,3,dbd1c6bb-b84d-4c79-90c8-03bb12ab9f20,
,0,2025-08-23 13:55:01.891,12.923997,,SW. 230,Partly Cloudy,0,1,TWC,2025-08-23 13:55:01.895,2025-08-23 13:55:01.895,1,77.49781,24.0,79,UTC+0530,US7nt0+2+q,67fdb286-fbd4-4028-a266-c000bb85ff48,com.sec.android.app.shealth,km/h,0,13.0,19,c9175ffd-e9a0-4179-9c47-c89c97540e0a,
,0,2025-08-23 17:41:09.623,12.921987,,SW. 230,Partly Cloudy,0,1,TWC,2025-08-23 17:41:09.637,2025-08-23 17:41:09.637,1,77.49617,22.0,87,UTC+0530,US7nt0+2+q,807e4fa6-87d8-4b9e-9744-d6415efe44fc,com.sec.android.app.shealth,km/h,0,5.0,19,c2c3c895-8b52-4ef0-9470-80afc7d3c18f,
,0,2025-08-30 15:09:57.271,12.924486,,WSW. 240,Mostly Cloudy,0,1,TWC,2025-08-30 15:09:57.273,2025-08-30 15:09:57.273,1,77.48568,24.0,82,UTC+0530,US7nt0+2+q,57aec440-b8b1-4857-8fd6-a0cc9e897ffa,com.sec.android.app.shealth,km/h,0,18.0,3,d5748f51-c060-482a-875b-f18957e91c13,
,0,2025-08-30 16:09:49.957,12.9227295,,SW. 230,Partly Cloudy,0,1,TWC,2025-08-30 16:09:49.977,2025-08-30 16:09:49.977,1,77.496185,23.0,86,UTC+0530,US7nt0+2+q,ce923986-f889-466f-9e54-a78d93f009af,com.sec.android.app.shealth,km/h,0,8.0,19,59f28215-42ac-421f-8fb0-4e50e315cb99,
,0,2025-09-09 09:29:35.018,12.922256,,W. 270,Mostly Cloudy,0,1,TWC,2025-09-09 09:29:35.022,2025-09-09 09:29:35.022,1,77.49632,29.0,59,UTC+0530,US7nt0+2+q,e00058eb-239d-492d-b01d-411dcbcc23fa,com.sec.android.app.shealth,km/h,0,3.0,3,e498b19c-9445-4322-97dc-91759f1faab0,
,0,2025-09-12 09:45:31.830,12.922368,,SW. 230,Mostly Cloudy,0,1,TWC,2025-09-12 09:45:31.832,2025-09-12 09:45:31.832,1,77.49651,28.0,60,UTC+0530,US7nt0+2+q,c254dd6e-6d49-46b9-94cd-126244073107,com.sec.android.app.shealth,km/h,0,5.0,3,f2ebdee4-05d7-415b-b347-53bdfc6552cf,
,0,2025-09-12 13:57:47.536,12.928632,,NW. 310,Partly Cloudy,0,1,TWC,2025-09-12 13:57:47.538,2025-09-12 13:57:47.538,1,77.5912,24.0,73,UTC+0530,US7nt0+2+q,505138d9-1c91-481b-b611-1b26ed7745e6,com.sec.android.app.shealth,km/h,0,8.0,19,3b1e7b16-6e2e-43be-9a32-e854ed1480cf,
,0,2025-09-26 16:09:43.927,12.9403715,,W. 260,Partly Cloudy,0,1,TWC,2025-09-26 16:09:43.930,2025-09-26 16:09:43.930,1,77.52506,22.0,83,UTC+0530,US7nt0+2+q,5d49a2db-e65c-4c1c-9ab1-46471f9726bb,com.sec.android.app.shealth,km/h,0,16.0,19,72e72941-c6a8-4a21-a753-292013770efe,
,0,2025-09-26 19:50:07.544,12.92224,,WSW. 250,Rain,0,1,TWC,2025-09-26 19:50:07.585,2025-09-26 19:50:07.585,1,77.49629,21.0,91,UTC+0530,US7nt0+2+q,8cda52d0-a2dd-4dd0-b083-f5fe5c29c23e,com.sec.android.app.shealth,km/h,0,16.0,5,1ce31575-ddbb-4fb9-9b9c-3269551d43e3,
,0,2025-09-27 13:49:14.750,12.936421,,W. 260,Mostly Cloudy,0,1,TWC,2025-09-27 13:49:14.759,2025-09-27 13:49:14.759,1,77.51925,23.0,81,UTC+0530,US7nt0+2+q,038d6c15-87df-4d25-b26d-3c299d3fa955,com.sec.android.app.shealth,km/h,0,26.0,3,81db02ab-3747-41dc-adf1-770a1c0781f2,
,0,2025-09-30 09:13:33.812,12.909661,,W. 260,Mostly Cloudy,0,1,TWC,2025-09-30 09:13:33.816,2025-09-30 09:13:33.816,1,77.521034,28.0,56,UTC+0530,US7nt0+2+q,3816029a-2155-45f4-8e4b-8b93d4591427,com.sec.android.app.shealth,km/h,0,26.0,3,b6bb4c6e-76a5-43c7-8e95-48fba3001bb9,
,0,2025-10-09 01:05:04.253,12.923206,,SW. 230,Mostly Cloudy,0,1,TWC,2025-10-09 01:05:04.269,2025-10-09 01:05:04.269,1,77.48352,21.0,95,UTC+0530,US7nt0+2+q,6e255ed1-6b9f-4b14-9257-81781c06d260,com.sec.android.app.shealth,km/h,0,3.0,3,a53015c3-10fe-48be-a4a0-96c2b70d3076,
,0,2025-10-09 01:05:04.257,12.923224,,SW. 230,Mostly Cloudy,0,1,TWC,2025-10-09 01:05:04.279,2025-10-09 01:05:04.279,1,77.48355,21.0,95,UTC+0530,US7nt0+2+q,211bd9de-11f2-4cbc-be3c-8c4229458c6f,com.sec.android.app.shealth,km/h,0,3.0,3,3c871c11-c5a3-47fe-9f96-bf842b5f278e,
,0,2025-10-12 02:53:22.161,12.961251,,E. 80,Mist,0,1,TWC,2025-10-12 02:53:22.180,2025-10-12 02:53:22.180,1,77.5335,24.0,74,UTC+0530,US7nt0+2+q,75c30119-a5f5-4ea3-a656-9c596edd579d,com.sec.android.app.shealth,km/h,0,5.0,4,0090750a-8b11-4012-8012-1a2fbdaa7d04,
,0,2025-10-12 03:36:39.027,12.975303,,NE. 50,Partly Cloudy,0,1,TWC,2025-10-12 03:36:39.039,2025-10-12 03:36:39.039,1,77.54871,24.0,73,UTC+0530,US7nt0+2+q,b8167b45-6da2-4f11-8065-2a25d9ab7857,com.sec.android.app.shealth,km/h,0,0.0,2,0719a43e-2a1b-4189-a8e4-3a883e5b81ee,
,0,2025-10-12 04:11:20.481,12.975247,,NE. 40,Partly Cloudy,0,1,TWC,2025-10-12 04:11:20.504,2025-10-12 04:11:20.504,1,77.56545,26.0,69,UTC+0530,US7nt0+2+q,b9e83052-9e4f-43e0-abd3-e54cf6763193,com.sec.android.app.shealth,km/h,0,0.0,2,fc958304-788e-4a69-8d5c-a873f3547023,
,0,2025-10-12 04:49:13.692,12.97343,,NE. 40,Fair,0,1,TWC,2025-10-12 04:49:13.697,2025-10-12 04:49:13.697,1,77.58006,26.0,64,UTC+0530,US7nt0+2+q,dccaa239-2a28-4c8d-b401-9633a0b7438d,com.sec.android.app.shealth,km/h,0,11.0,1,30db0869-4628-4593-b420-dcdb1854405c,
,0,2025-10-14 10:49:55.342,12.922248,,E. 100,Partly Cloudy,0,1,TWC,2025-10-14 10:49:55.350,2025-10-14 10:49:55.350,1,77.49629,28.0,63,UTC+0530,US7nt0+2+q,9af0c50c-7f21-4ab1-8c08-96bb9e2f6795,com.sec.android.app.shealth,km/h,0,11.0,2,1d096598-716d-4000-9f63-ff35acf4ef03,
,0,2025-10-16 09:22:57.370,12.922241,,E. 90,Mostly Cloudy,0,1,TWC,2025-10-16 09:22:57.393,2025-10-16 09:22:57.393,1,77.4963,27.0,66,UTC+0530,US7nt0+2+q,f373c288-9479-49e9-9dbc-c1e8b16fbe12,com.sec.android.app.shealth,km/h,0,16.0,3,1d24b50a-d311-41a7-87c8-bb5e471ae322,
,0,2025-10-22 16:28:35.733,15.261526,,ENE. 70,Showers in the Vicinity,0,1,TWC,2025-10-22 16:28:35.738,2025-10-22 16:28:35.738,1,76.37111,24.0,93,UTC+0530,US7nt0+2+q,a943932c-3033-4ab4-bcc0-751d213e2c0d,com.sec.android.app.shealth,km/h,0,14.0,3,7bc924c6-4d01-4ca1-b87a-419b3f7422c8,
,0,2025-10-22 16:44:42.815,15.269132,,ENE. 70,Showers in the Vicinity,0,1,TWC,2025-10-22 16:44:42.823,2025-10-22 16:44:42.823,1,76.377525,23.0,94,UTC+0530,US7nt0+2+q,25feed20-6a10-4e15-a6c3-956842df70e2,com.sec.android.app.shealth,km/h,0,13.0,3,ae80ddf0-e576-40ce-bbe6-8fd0cbe5c884,
,0,2025-10-28 04:03:17.323,12.922834,,SW. 230,Cloudy,0,1,TWC,2025-10-28 04:03:17.329,2025-10-28 04:03:17.329,1,77.5019,22.0,89,UTC+0530,US7nt0+2+q,5fa45454-76d8-4858-b0ae-71fc9df5babe,com.sec.android.app.shealth,km/h,0,3.0,3,80152097-4a27-443e-bf9e-c2c9e8490286,
,0,2025-10-31 15:07:15.197,12.902065,,WSW. 250,Fair,0,1,TWC,2025-10-31 15:07:15.202,2025-10-31 15:07:15.202,1,77.519714,23.0,71,UTC+0530,US7nt0+2+q,aa6c5be9-4cad-47fc-818f-125ae617a7c2,com.sec.android.app.shealth,km/h,0,0.0,18,40cc5be4-1872-46b8-9f6f-14311daac7cf,
,0,2025-10-31 16:30:02.889,12.92468,,WSW. 240,Fair,0,1,TWC,2025-10-31 16:30:02.906,2025-10-31 16:30:02.906,1,77.498886,22.0,76,UTC+0530,US7nt0+2+q,b3c66855-b3e2-4e4e-bbcc-5481f8df1098,com.sec.android.app.shealth,km/h,0,3.0,18,dfa27d2f-cd11-48c0-af5e-195e28dfbaf6,
,0,2025-10-31 16:36:12.509,12.923078,,SW. 220,Fair,0,1,TWC,2025-10-31 16:36:12.520,2025-10-31 16:36:12.520,1,77.497345,22.0,76,UTC+0530,US7nt0+2+q,c7dfd3fb-f85d-404f-8ac3-b8c3e061eab7,com.sec.android.app.shealth,km/h,0,5.0,18,dd50bd52-539b-496a-85f8-c3be30716494,
,0,2025-11-02 02:14:29.524,12.93648,,WSW. 250,Mist,0,1,TWC,2025-11-02 02:14:29.530,2025-11-02 02:14:29.530,1,77.53123,21.0,87,UTC+0530,US7nt0+2+q,c0393b09-263f-40e1-81dc-bbfe8d04bd78,com.sec.android.app.shealth,km/h,0,13.0,4,1a7af335-e452-4ec9-bf8e-eab204b46b9b,
,0,2025-11-04 04:08:14.251,12.922917,,SW. 230,Mostly Cloudy,0,1,TWC,2025-11-04 04:08:14.260,2025-11-04 04:08:14.260,1,77.500496,23.0,80,UTC+0530,US7nt0+2+q,1ad075ca-d100-488d-a8b1-5a06e1f18bf0,com.sec.android.app.shealth,km/h,0,5.0,3,31b477e1-6822-467e-8203-8c5e7a071b3e,
,0,2025-11-05 03:49:39.229,12.922836,,W. 270,Partly Cloudy,0,1,TWC,2025-11-05 03:49:39.234,2025-11-05 03:49:39.234,1,77.50189,26.0,74,UTC+0530,US7nt0+2+q,02e9c656-2f9b-4294-98a7-8b9c10d15c8f,com.sec.android.app.shealth,km/h,0,3.0,2,c6ed7993-dfab-4f77-8a43-089454ecc87b,
,0,2025-11-05 13:09:54.641,12.921826,,NW. 320,Mostly Cloudy,0,1,TWC,2025-11-05 13:09:54.652,2025-11-05 13:09:54.652,1,77.49615,24.0,75,UTC+0530,US7nt0+2+q,ee2f5dec-7a70-4e2a-8265-33fa58fdd633,com.sec.android.app.shealth,km/h,0,3.0,3,ebe6cd84-77b4-4a91-9d43-a8925634e40d,
,0,2025-11-06 01:28:51.361,12.922184,,WNW. 300,Mist,0,1,TWC,2025-11-06 01:28:51.388,2025-11-06 01:28:51.388,1,77.496346,21.0,87,UTC+0530,US7nt0+2+q,26893fc0-38c6-4f0f-8f62-ab39138c5c67,com.sec.android.app.shealth,km/h,0,5.0,4,10ac7ea5-57ab-40ff-9a27-42563550702e,
,0,2025-11-06 03:41:33.366,12.922541,,S. 180,Fair,0,1,TWC,2025-11-06 03:41:33.370,2025-11-06 03:41:33.370,1,77.50032,23.0,79,UTC+0530,US7nt0+2+q,31a351e4-08e9-4f28-8b5d-f9e3d7d2a1ad,com.sec.android.app.shealth,km/h,0,5.0,1,b19fabf1-0a12-4af6-8e4e-1711f6c0f8a2,
,0,2025-11-07 01:50:18.376,12.922261,,NW. 320,Mist,0,1,TWC,2025-11-07 01:50:18.383,2025-11-07 01:50:18.383,1,77.495964,21.0,89,UTC+0530,US7nt0+2+q,e05a6490-95f5-45d7-9f43-1e1b8d3a9fa1,com.sec.android.app.shealth,km/h,0,3.0,4,85577ee1-4570-4d7c-8d6b-e22b9196ab17,
,0,2025-11-07 03:56:00.192,12.922835,,NE. 40,Partly Cloudy,0,1,TWC,2025-11-07 03:56:00.199,2025-11-07 03:56:00.199,1,77.50189,25.0,75,UTC+0530,US7nt0+2+q,dd7ab7e4-6ffa-4089-978e-ef0d9bf96170,com.sec.android.app.shealth,km/h,0,0.0,2,f7b827d1-b1aa-4866-a0cf-549336a77f62,
,0,2025-11-08 03:59:04.616,12.922217,,NE. 50,Mist,0,1,TWC,2025-11-08 03:59:04.620,2025-11-08 03:59:04.620,1,77.49631,24.0,70,UTC+0530,US7nt0+2+q,40ba3c7f-8ba5-4c34-91d4-a6b4deed0220,com.sec.android.app.shealth,km/h,0,10.0,4,29152053-cf4f-4639-84a0-24a1c69271e3,
,0,2025-11-09 01:49:37.482,12.918904,,N. 10,Fair,0,1,TWC,2025-11-09 01:49:37.492,2025-11-09 01:49:37.492,1,77.48434,19.0,72,UTC+0530,US7nt0+2+q,60a43116-7a91-405b-91b0-c07cf36702ee,com.sec.android.app.shealth,km/h,0,0.0,1,8ab621f9-2445-4548-8783-94836f367ea5,
,0,2025-11-09 02:10:25.540,12.922095,,NNE. 20,Fair,0,1,TWC,2025-11-09 02:10:25.543,2025-11-09 02:10:25.543,1,77.496216,21.0,62,UTC+0530,US7nt0+2+q,3e43be9d-48b4-41b9-98e2-0b2e2182d4a4,com.sec.android.app.shealth,km/h,0,5.0,1,2e4dd5d6-0fd5-45de-8248-ffbf29f0d44d,
,0,2025-11-09 14:42:29.555,12.922388,,N. 0,Fair,0,1,TWC,2025-11-09 14:42:29.557,2025-11-09 14:42:29.557,1,77.49655,22.0,57,UTC+0530,US7nt0+2+q,7eef5a9c-06b8-47b4-a19f-351943cad147,com.sec.android.app.shealth,km/h,0,5.0,18,d11a29dd-bf1a-48a6-bb8a-af61224c0bd3,
,0,2025-11-10 02:13:26.184,12.922154,,NE. 50,Mist,0,1,TWC,2025-11-10 02:13:26.193,2025-11-10 02:13:26.193,1,77.49624,22.0,71,UTC+0530,US7nt0+2+q,181aba7e-cfea-4804-912b-8a2cf3e9af88,com.sec.android.app.shealth,km/h,0,0.0,4,cc2238c0-e744-4697-af93-280c8e6d89b7,
,0,2025-11-10 03:47:38.837,12.922833,,E. 90,Fair,0,1,TWC,2025-11-10 03:47:38.844,2025-11-10 03:47:38.844,1,77.50189,25.0,62,UTC+0530,US7nt0+2+q,562c6ebf-052d-43e3-be7f-3ce8d48f68a9,com.sec.android.app.shealth,km/h,0,3.0,1,34e9d42e-aa56-4b19-8e75-5a5b6a685099,
,0,2025-11-11 03:55:23.226,12.9228325,,E. 90,Fair,0,1,TWC,2025-11-11 03:55:23.237,2025-11-11 03:55:23.237,1,77.5019,24.0,67,UTC+0530,US7nt0+2+q,dc9a1f27-2e1e-4011-a0ba-17a90b2a819c,com.sec.android.app.shealth,km/h,0,0.0,1,2b4c07f5-6b7a-4cbe-8ffd-0d7164aae879,
,0,2025-11-12 03:53:48.764,12.922833,,NNE. 20,Fair,0,1,TWC,2025-11-12 03:53:48.777,2025-11-12 03:53:48.777,1,77.5019,24.0,70,UTC+0530,US7nt0+2+q,a427d239-ef89-44c5-ac3c-e5de91636b52,com.sec.android.app.shealth,km/h,0,3.0,1,ed739996-368d-4450-9215-1db8b25b35d7,
,0,2025-11-13 04:15:04.580,12.922833,,E. 90,Mostly Cloudy,0,1,TWC,2025-11-13 04:15:04.587,2025-11-13 04:15:04.587,1,77.5019,24.0,73,UTC+0530,US7nt0+2+q,74c48d9e-c62b-416d-bb88-3274498db6f7,com.sec.android.app.shealth,km/h,0,3.0,3,75b66051-1092-4498-bdaa-ed2ab9b39f1d,
,0,2025-11-14 04:22:26.631,12.922268,,NNE. 20,Mist,0,1,TWC,2025-11-14 04:22:26.646,2025-11-14 04:22:26.646,1,77.49977,23.0,72,UTC+0530,US7nt0+2+q,34ca4f6c-1f02-4fea-8504-4e68e2ce229d,com.sec.android.app.shealth,km/h,0,5.0,4,c6f99efb-9884-46db-a7a4-436e026fab46,
,0,2025-11-16 08:48:00.069,12.9032955,,N. 10,Partly Cloudy,0,1,TWC,2025-11-16 08:48:00.072,2025-11-16 08:48:00.072,1,77.63315,26.0,57,UTC+0530,US7nt0+2+q,d4485168-c71c-437c-8c9d-42d019d8c032,com.sec.android.app.shealth,km/h,0,8.0,2,cc7b64fc-542f-4307-a937-41a48d38290b,
,0,2025-11-16 09:57:54.330,12.905416,,NE. 50,Partly Cloudy,0,1,TWC,2025-11-16 09:57:54.363,2025-11-16 09:57:54.363,1,77.62999,26.0,60,UTC+0530,US7nt0+2+q,4aa0cc00-42f3-421f-9943-1ce78553862c,com.sec.android.app.shealth,km/h,0,5.0,2,58cf5b3a-d979-47af-8262-04f37c744df8,
,0,2025-11-16 11:48:36.889,12.922131,,E. 80,Partly Cloudy,0,1,TWC,2025-11-16 11:48:36.910,2025-11-16 11:48:36.910,1,77.49613,25.0,63,UTC+0530,US7nt0+2+q,053bf59f-9471-4535-8669-6374e3daf0eb,com.sec.android.app.shealth,km/h,0,18.0,2,cdfdcbb5-ad89-4c05-af01-edc6182ef9a1,
,0,2025-11-17 03:50:11.187,12.922955,,NE. 40,Mist,0,1,TWC,2025-11-17 03:50:11.193,2025-11-17 03:50:11.193,1,77.50196,22.0,66,UTC+0530,US7nt0+2+q,fb7e89f1-f000-4bed-8c85-8da4d030b5e5,com.sec.android.app.shealth,km/h,0,8.0,4,c4a4eae8-571a-4c14-b8f1-c03bddc793a3,
,0,2025-11-22 16:53:28.842,15.26978,,E. 100,Cloudy,0,1,TWC,2025-11-22 16:53:28.848,2025-11-22 16:53:28.848,1,76.378494,25.0,76,UTC+0530,US7nt0+2+q,bb44a0db-51f9-4c42-b72e-bbb8d79bca8d,com.sec.android.app.shealth,km/h,0,11.0,3,23152865-8777-4c73-994f-233f1ddc801d,
,0,2025-11-23 16:50:23.518,15.269129,,E. 100,Cloudy,0,1,TWC,2025-11-23 16:50:23.546,2025-11-23 16:50:23.546,1,76.37759,24.0,79,UTC+0530,US7nt0+2+q,d5833afc-03e5-4cb1-a196-4249ab9ba4d8,com.sec.android.app.shealth,km/h,0,11.0,3,8644bf8f-84eb-4238-a6ae-d1f260b0e2d3,
,0,2025-11-24 16:28:17.019,15.269144,,E. 90,Partly Cloudy,0,1,TWC,2025-11-24 16:28:17.055,2025-11-24 16:28:17.055,1,76.377464,25.0,69,UTC+0530,US7nt0+2+q,d17112cf-ad55-4590-b76a-049173a38c77,com.sec.android.app.shealth,km/h,0,10.0,19,eac1893d-1118-4af8-8a50-d8c85df923da,
,0,2025-11-25 16:08:03.303,15.274812,,E. 90,Clear,0,1,TWC,2025-11-25 16:08:03.309,2025-11-25 16:08:03.309,1,76.381035,23.0,67,UTC+0530,US7nt0+2+q,f564f49c-c171-438c-8f21-2fe035ac9f16,com.sec.android.app.shealth,km/h,0,8.0,18,d37a7eb6-0e03-4d37-82e8-a248112de176,
,0,2025-11-25 16:24:48.005,15.2691345,,E. 90,Clear,0,1,TWC,2025-11-25 16:24:48.024,2025-11-25 16:24:48.024,1,76.37749,23.0,66,UTC+0530,US7nt0+2+q,dfe6e134-fa2a-4b33-afad-cf3db86031cc,com.sec.android.app.shealth,km/h,0,10.0,18,a952561f-ee19-4c4a-b671-f901cebfc32f,
,0,2025-11-26 16:35:29.718,15.269207,,E. 90,Fair,0,1,TWC,2025-11-26 16:35:29.737,2025-11-26 16:35:29.737,1,76.37758,23.0,67,UTC+0530,US7nt0+2+q,dbd5571b-f13a-40bb-bc8d-b69b426f9cdb,com.sec.android.app.shealth,km/h,0,11.0,18,204f45c1-0722-4ac7-b17c-93e6e605431d,
,0,2025-12-01 07:53:49.312,12.926889,,NNE. 20,Mostly Cloudy,0,1,TWC,2025-12-01 07:53:49.321,2025-12-01 07:53:49.321,1,77.50192,24.0,70,UTC+0530,US7nt0+2+q,e0e1c60f-e90e-4df7-8cad-85b85f3cd380,com.sec.android.app.shealth,km/h,0,5.0,3,266e9f99-7f51-4788-8107-cee3fb43c965,
,0,2025-12-05 05:33:53.319,12.923018,,NE. 50,Mist,0,1,TWC,2025-12-05 05:33:53.322,2025-12-05 05:33:53.322,1,77.500435,23.0,78,UTC+0530,US7nt0+2+q,7783857f-36f5-40eb-bde7-90fe431b6c01,com.sec.android.app.shealth,km/h,0,14.0,4,7de1b020-712a-43db-bb54-0de1b5b9092f,
,0,2025-12-18 03:38:11.814,12.92235,,NE. 50,Fair,0,1,TWC,2025-12-18 03:38:11.825,2025-12-18 03:38:11.825,1,77.49957,21.0,65,UTC+0530,US7nt0+2+q,d97ffddf-0549-4742-bede-8216a7e38646,com.sec.android.app.shealth,km/h,0,8.0,1,4b7472d4-f1ee-40fe-9b77-d492ed4c81c5,
,0,2025-12-18 13:11:06.227,12.935822,,NE. 40,Mostly Cloudy,0,1,TWC,2025-12-18 13:11:06.232,2025-12-18 13:11:06.232,1,77.51791,22.0,48,UTC+0530,US7nt0+2+q,08808abb-6ac9-4449-95f7-7d68022c3bf1,com.sec.android.app.shealth,km/h,0,0.0,3,3336bdc5-9c4c-4861-849f-d2b463a0e83a,
,0,2025-12-20 06:46:56.172,12.902575,,NE. 50,Fair,0,1,TWC,2025-12-20 06:46:56.182,2025-12-20 06:46:56.182,1,77.52008,23.0,46,UTC+0530,US7nt0+2+q,96b2fc38-8d75-4723-9550-120fe1a3bc5e,com.sec.android.app.shealth,km/h,0,3.0,1,32cdb0ad-ac67-459b-a969-31017d20f08a,
,0,2025-12-20 07:33:18.852,12.90419,,ENE. 70,Haze,0,1,TWC,2025-12-20 07:33:18.870,2025-12-20 07:33:18.870,1,77.51252,24.0,39,UTC+0530,US7nt0+2+q,b65ddf33-6ad1-405c-85a2-27078b324c8c,com.sec.android.app.shealth,km/h,0,16.0,4,7804115c-2161-4280-98db-e0ca83e3b9f5,
,0,2025-12-22 06:10:00.192,12.926774,,ENE. 70,Partly Cloudy,0,1,TWC,2025-12-22 06:10:00.204,2025-12-22 06:10:00.204,1,77.50137,22.0,54,UTC+0530,US7nt0+2+q,105ac1d6-4a56-4f6a-82ef-3c6a81611956,com.sec.android.app.shealth,km/h,0,14.0,2,b3a7cd32-5a71-438e-826f-26331ab82131,
,0,2025-12-22 08:00:30.733,12.922869,,E. 100,Partly Cloudy,0,1,TWC,2025-12-22 08:00:30.756,2025-12-22 08:00:30.756,1,77.50169,24.0,48,UTC+0530,US7nt0+2+q,ccc2f4f8-a092-4ba8-935e-afb1c61334b3,com.sec.android.app.shealth,km/h,0,18.0,2,b173c4f4-a6f3-44dd-bbb4-5c4f2e3b0db1,
,0,2026-01-10 00:43:57.825,12.977993,,NE. 50,Mostly Cloudy,0,1,TWC,2026-01-10 00:43:57.829,2026-01-10 00:43:57.829,1,77.57148,17.0,79,UTC+0530,US7nt0+2+q,d61bb467-2b4c-4443-bef4-c80d1aa0fbaf,com.sec.android.app.shealth,km/h,0,3.0,3,888b524c-6fce-4e56-ac38-9c9183c0ceb4,
,0,2026-01-11 14:55:09.625,12.9225855,,E. 80,Mostly Cloudy,0,1,TWC,2026-01-11 14:55:09.631,2026-01-11 14:55:09.631,1,77.49645,20.0,83,UTC+0530,US7nt0+2+q,f0065d0d-16b0-441f-835d-9e5e6aa41e14,com.sec.android.app.shealth,km/h,0,21.0,3,acb58370-86bc-4fa0-8248-509bb21d446b,
,0,2026-01-12 03:50:49.543,12.9234295,,E. 90,Partly Cloudy,0,1,TWC,2026-01-12 03:50:49.550,2026-01-12 03:50:49.550,1,77.501495,21.0,79,UTC+0530,US7nt0+2+q,fceab217-62f3-44df-878b-6dea573a24e3,com.sec.android.app.shealth,km/h,0,5.0,2,40bd2268-7cdf-476b-bba9-4ac1724243f1,
,0,2026-01-13 15:17:23.303,12.9178705,,E. 90,Fair,0,1,TWC,2026-01-13 15:17:23.318,2026-01-13 15:17:23.318,1,77.48367,23.0,74,UTC+0530,US7nt0+2+q,716998a4-1191-4f49-b0a7-f548bfb290d0,com.sec.android.app.shealth,km/h,0,3.0,18,f9f1beb9-b85e-4a37-a771-a2a7f821a319,
,0,2026-01-13 15:54:24.645,12.917535,,E. 90,Fair,0,1,TWC,2026-01-13 15:54:24.678,2026-01-13 15:54:24.678,1,77.48364,22.0,77,UTC+0530,US7nt0+2+q,a30b65bb-42a1-4e4a-87a4-e2a3fb8b6d27,com.sec.android.app.shealth,km/h,0,3.0,18,a364245c-95e3-451e-8907-ea7a7d85ac8d,
,0,2026-01-13 16:30:14.917,12.922148,,ESE. 110,Fair,0,1,TWC,2026-01-13 16:30:14.922,2026-01-13 16:30:14.922,1,77.49624,22.0,75,UTC+0530,US7nt0+2+q,a00589f3-7e96-4b92-bd67-83a6af4d30e0,com.sec.android.app.shealth,km/h,0,11.0,18,17c90df7-6a71-4167-8560-7ee0d5e23eb8,
,0,2026-01-14 15:49:15.282,12.916537,,E. 90,Partly Cloudy,0,1,TWC,2026-01-14 15:49:15.315,2026-01-14 15:49:15.315,1,77.49147,23.0,69,UTC+0530,US7nt0+2+q,713e101b-bf3a-4955-927c-49ed1f0ad2bc,com.sec.android.app.shealth,km/h,0,5.0,19,ec7a89e4-ae20-47c9-90e1-69b403ff9f6f,
,0,2026-01-14 16:18:10.691,12.922204,,E. 90,Partly Cloudy,0,1,TWC,2026-01-14 16:18:10.706,2026-01-14 16:18:10.706,1,77.49624,23.0,71,UTC+0530,US7nt0+2+q,b94e9bfd-9ee7-42c4-a52e-d2609e869f4e,com.sec.android.app.shealth,km/h,0,5.0,19,41af5703-0115-4bc8-9f85-3197034cd442,
,0,2026-01-16 05:55:10.747,12.922808,,ENE. 70,Fair,0,1,TWC,2026-01-16 05:55:10.754,2026-01-16 05:55:10.754,1,77.5019,24.0,54,UTC+0530,US7nt0+2+q,4a2547ef-da04-4934-bf8b-f65ac0ea3141,com.sec.android.app.shealth,km/h,0,11.0,1,7267b0d6-dc6a-47c0-b5f5-bfa8c024a570,
,0,2026-01-16 14:24:25.977,12.918546,,NE. 50,Fair,0,1,TWC,2026-01-16 14:24:25.989,2026-01-16 14:24:25.989,1,77.49135,23.0,49,UTC+0530,US7nt0+2+q,2bf650a6-b18b-4346-9308-34e903b247f2,com.sec.android.app.shealth,km/h,0,10.0,18,f159c6e4-ebda-42de-b0d3-d1551caa0d70,
,0,2026-01-16 14:42:16.356,12.912421,,NE. 50,Haze,0,1,TWC,2026-01-16 14:42:16.360,2026-01-16 14:42:16.360,1,77.50053,23.0,51,UTC+0530,US7nt0+2+q,6aaa6c62-368c-4964-9561-f5c597a49782,com.sec.android.app.shealth,km/h,0,10.0,19,b41bc72c-672b-44c8-ad68-01fe60d9293c,
,0,2026-01-16 14:42:16.908,12.912426,,NE. 50,Haze,0,1,TWC,2026-01-16 14:42:16.919,2026-01-16 14:42:16.919,1,77.50053,23.0,51,UTC+0530,US7nt0+2+q,52460a8a-ac4d-4ab6-80d9-38d9a6359bc8,com.sec.android.app.shealth,km/h,0,10.0,19,8bb3fa40-9015-4ed0-8925-23982038fd98,
,0,2026-01-17 12:59:08.608,12.923306,,ENE. 70,Fair,0,1,TWC,2026-01-17 12:59:08.612,2026-01-17 12:59:08.612,1,77.49552,24.0,37,UTC+0530,US7nt0+2+q,2b2bbe31-3a73-4591-be56-3e759b64264a,com.sec.android.app.shealth,km/h,0,0.0,18,fd467ae5-a5f9-4b9c-9bf0-7404a6fef626,
,0,2026-01-18 13:46:52.780,12.922711,,ENE. 60,Fair,0,1,TWC,2026-01-18 13:46:52.782,2026-01-18 13:46:52.782,1,77.49644,23.0,35,UTC+0530,US7nt0+2+q,cbd4de6b-d0ad-4426-b6dd-b7cd997e8a8d,com.sec.android.app.shealth,km/h,0,10.0,18,163d86ce-4bb6-4e28-bdcb-180dd2dd1c24,
,0,2026-01-19 05:39:08.392,12.9234295,,SW. 230,Fair,0,1,TWC,2026-01-19 05:39:08.408,2026-01-19 05:39:08.408,1,77.50154,25.0,45,UTC+0530,US7nt0+2+q,e479f1c0-9a8f-43b0-850a-71685091c830,com.sec.android.app.shealth,km/h,0,11.0,1,42e3c779-47eb-4d79-9b13-4480f9666fa9,
,0,2026-01-19 14:55:21.806,12.92411,,E. 90,Fair,0,1,TWC,2026-01-19 14:55:21.808,2026-01-19 14:55:21.808,1,77.5034,23.0,49,UTC+0530,US7nt0+2+q,2f4ca874-1e42-4180-bf6e-fc2a50f911f0,com.sec.android.app.shealth,km/h,0,14.0,18,af29ff6d-de6e-4e48-9a06-4a463c5eebfd,
,0,2026-01-21 05:16:53.925,12.92225,,E. 90,Fair,0,1,TWC,2026-01-21 05:16:53.939,2026-01-21 05:16:53.939,1,77.49931,23.0,40,UTC+0530,US7nt0+2+q,5a542c10-26f4-4f6f-94a0-28b0202f3fb6,com.sec.android.app.shealth,km/h,0,21.0,1,01e527e7-b2d0-4cc0-8cd6-1374035d3ead,
,0,2026-01-21 14:10:27.565,12.922432,,E. 100,Fair,0,1,TWC,2026-01-21 14:10:27.572,2026-01-21 14:10:27.572,1,77.49556,22.0,42,UTC+0530,US7nt0+2+q,ce034d35-d4a4-4a7e-843b-419331d2e90c,com.sec.android.app.shealth,km/h,0,13.0,18,c7880191-5d8b-46f2-9d6e-ba86b5d57a6e,
,0,2026-01-22 03:54:54.582,12.923443,,NE. 50,Fair,0,1,TWC,2026-01-22 03:54:54.590,2026-01-22 03:54:54.590,1,77.50218,19.0,56,UTC+0530,US7nt0+2+q,3260cc89-c7e7-4af4-ac21-b5dbb893b3a3,com.sec.android.app.shealth,km/h,0,3.0,1,e4928401-248c-47f5-96ee-4f17ad41520c,
,0,2026-01-22 13:36:02.204,12.922259,,E. 90,Clear,0,1,TWC,2026-01-22 13:36:02.208,2026-01-22 13:36:02.208,1,77.4964,23.0,42,UTC+0530,US7nt0+2+q,4f7d8fe0-b42d-493a-a7e6-e503acaa92a7,com.sec.android.app.shealth,km/h,0,11.0,18,19026589-1b2c-4da4-831d-239f2a47b834,
,0,2026-01-23 00:33:41.008,15.275515,,ESE. 110,Clear,0,1,TWC,2026-01-23 00:33:41.013,2026-01-23 00:33:41.013,1,76.38682,17.0,73,UTC+0530,US7nt0+2+q,520e1dcd-4ad7-4839-b9f4-0b0b325a3190,com.sec.android.app.shealth,km/h,0,6.0,18,07ed7ff1-97b7-48e9-9465-c9d2a383fc73,
,0,2026-01-23 15:15:12.462,15.280316,,ESE. 110,Clear,0,1,TWC,2026-01-23 15:15:12.506,2026-01-23 15:15:12.506,1,76.37397,22.0,52,UTC+0530,US7nt0+2+q,63506008-c036-4a2c-982c-d52b81c3a83c,com.sec.android.app.shealth,km/h,0,6.0,18,2e90fddd-82f3-4bb4-9a91-3a0ba3238b93,
,0,2026-01-23 16:20:24.994,15.272936,,ESE. 110,Clear,0,1,TWC,2026-01-23 16:20:25.004,2026-01-23 16:20:25.004,1,76.3727,21.0,55,UTC+0530,US7nt0+2+q,4076644b-fd5b-4d42-b824-1b246172106e,com.sec.android.app.shealth,km/h,0,6.0,18,7697be7e-aac6-40af-922c-3fb858d909b3,
,0,2026-01-25 13:37:53.616,15.274866,,E. 90,Clear,0,1,TWC,2026-01-25 13:37:53.622,2026-01-25 13:37:53.622,1,76.382095,27.0,52,UTC+0530,US7nt0+2+q,6abe6aa4-01b1-4d3f-a9b5-16bb316ce9f6,com.sec.android.app.shealth,km/h,0,11.0,18,81147395-b2eb-4715-9b45-d5a2220cfd45,
,0,2026-01-25 17:02:57.379,15.269171,,ESE. 110,Clear,0,1,TWC,2026-01-25 17:02:57.392,2026-01-25 17:02:57.392,1,76.37756,24.0,63,UTC+0530,US7nt0+2+q,4d54ca64-fcc6-4b48-a569-387acf3458d6,com.sec.android.app.shealth,km/h,0,14.0,18,ed65dfd9-e131-47f5-a13f-5d5517d00674,
,0,2026-01-26 15:59:54.360,15.269165,,E. 100,Clear,0,1,TWC,2026-01-26 15:59:54.377,2026-01-26 15:59:54.377,1,76.377495,25.0,67,UTC+0530,US7nt0+2+q,fd25551c-8398-4d2d-a8dc-f2b5d3d9fadd,com.sec.android.app.shealth,km/h,0,11.0,18,f4d32d25-b608-4558-9402-e6c4807f9f81,
,0,2026-01-27 16:35:04.057,15.268223,,ESE. 110,Clear,0,1,TWC,2026-01-27 16:35:04.075,2026-01-27 16:35:04.075,1,76.37693,25.0,57,UTC+0530,US7nt0+2+q,f007aa9e-4827-4b22-bcfa-8d4a63929b5e,com.sec.android.app.shealth,km/h,0,10.0,18,a9088024-791d-415c-aa2c-d8ec65386c1c,
,0,2026-01-28 06:12:45.149,12.923444,,ENE. 60,Fair,0,1,TWC,2026-01-28 06:12:45.166,2026-01-28 06:12:45.166,1,77.501564,27.0,40,UTC+0530,US7nt0+2+q,3b47967e-6456-4fea-a05d-786602ae3464,com.sec.android.app.shealth,km/h,0,8.0,1,40319b6f-57d8-4356-b8ae-7cd0c15eaba7,
,0,2026-01-29 03:57:14.275,12.923434,,E. 90,Fair,0,1,TWC,2026-01-29 03:57:14.284,2026-01-29 03:57:14.284,1,77.502174,21.0,64,UTC+0530,US7nt0+2+q,68dc0a47-3f62-4a6e-8ad1-cf84c1ce4c28,com.sec.android.app.shealth,km/h,0,8.0,1,410c4619-9f7e-4fc4-aa1c-7134f87eb864,
,0,2026-01-30 01:40:22.134,12.922281,,ENE. 70,Mist,0,1,TWC,2026-01-30 01:40:22.141,2026-01-30 01:40:22.141,1,77.49635,17.0,79,UTC+0530,US7nt0+2+q,2ae670b8-5973-48e6-b1f6-e0f95d6243b8,com.sec.android.app.shealth,km/h,0,3.0,4,d788fda2-1385-44c3-ae2a-6885e7b70d7d,
,0,2026-01-30 03:44:02.740,12.923512,,E. 90,Fair,0,1,TWC,2026-01-30 03:44:02.744,2026-01-30 03:44:02.744,1,77.50167,21.0,60,UTC+0530,US7nt0+2+q,6bed7df5-981c-4f59-9879-db36fe7fe4fd,com.sec.android.app.shealth,km/h,0,10.0,1,22518054-5b2a-4647-9e75-9b2da7159eb9,
,0,2026-01-30 16:59:16.478,12.91213,,ENE. 70,Fair,0,1,TWC,2026-01-30 16:59:16.482,2026-01-30 16:59:16.482,1,77.48613,21.0,54,UTC+0530,US7nt0+2+q,5e9da8dd-a4a3-4515-9d65-5685121272a6,com.sec.android.app.shealth,km/h,0,16.0,18,e441e13a-f7b6-45ee-b95c-60ce3aec3b62,
,0,2026-01-30 17:28:17.100,12.922225,,E. 80,Fair,0,1,TWC,2026-01-30 17:28:17.135,2026-01-30 17:28:17.135,1,77.49632,21.0,54,UTC+0530,US7nt0+2+q,cadd1d81-41e3-44e7-8f85-58aab2d2f4c8,com.sec.android.app.shealth,km/h,0,14.0,18,b12c2ec4-37de-4262-8a31-c896672de190,
,0,2026-01-31 14:10:07.790,12.918128,,E. 90,Fair,0,1,TWC,2026-01-31 14:10:07.799,2026-01-31 14:10:07.799,1,77.48378,23.0,42,UTC+0530,US7nt0+2+q,0a1893e6-72e5-4651-ab30-2723bac30eac,com.sec.android.app.shealth,km/h,0,13.0,18,e8069d19-ed26-4933-bd6a-72df1f349ae9,
,0,2026-01-31 14:50:54.753,12.924304,,E. 90,Fair,0,1,TWC,2026-01-31 14:50:54.761,2026-01-31 14:50:54.761,1,77.48609,22.0,48,UTC+0530,US7nt0+2+q,76176ce9-fa53-4616-9854-e612bc70ec1a,com.sec.android.app.shealth,km/h,0,14.0,18,6b0ec11f-b52b-478d-ba89-91a871c60e4d,
,0,2026-01-31 15:14:41.379,12.9221945,,E. 90,Fair,0,1,TWC,2026-01-31 15:14:41.384,2026-01-31 15:14:41.384,1,77.49629,22.0,51,UTC+0530,US7nt0+2+q,0ec420e8-cb99-48bd-9475-c42e40f5654c,com.sec.android.app.shealth,km/h,0,16.0,18,ebac40d0-cfb9-4ed9-a4f0-de9932008eea,
,0,2026-02-01 14:30:09.084,12.917283,,E. 80,Fair,0,1,TWC,2026-02-01 14:30:09.100,2026-02-01 14:30:09.100,1,77.50005,24.0,54,UTC+0530,US7nt0+2+q,b81f574b-9cfa-4e68-9a1f-a65616551ac6,com.sec.android.app.shealth,km/h,0,11.0,18,c706e93e-7ad8-4dfc-84d6-d3befb09ec72,
,0,2026-02-01 15:49:24.369,12.922159,,E. 90,Fair,0,1,TWC,2026-02-01 15:49:24.377,2026-02-01 15:49:24.377,1,77.49644,23.0,60,UTC+0530,US7nt0+2+q,3879a3fd-ebe7-4c45-a0ff-7f25fbf623fd,com.sec.android.app.shealth,km/h,0,0.0,18,165abab9-28d1-468f-8c42-47489f83bd1a,
,0,2026-02-02 03:48:47.179,12.923427,,E. 80,Haze,0,1,TWC,2026-02-02 03:48:47.182,2026-02-02 03:48:47.182,1,77.501564,22.0,59,UTC+0530,US7nt0+2+q,05ca5399-9e90-4e83-af3a-07d7b644d012,com.sec.android.app.shealth,km/h,0,18.0,4,0d093ae6-74ae-4b0b-a92f-3ed888b10822,
,0,2026-02-04 04:21:15.003,12.922712,,E. 90,Fair,0,1,TWC,2026-02-04 04:21:15.021,2026-02-04 04:21:15.021,1,77.5001,22.0,51,UTC+0530,US7nt0+2+q,faa08f78-0432-4298-afb8-68a09659b152,com.sec.android.app.shealth,km/h,0,16.0,1,8dc8cc1a-44bb-4ea2-a36b-df79e610b754,
,0,2026-02-04 14:15:45.440,12.912686,,E. 90,Fair,0,1,TWC,2026-02-04 14:15:45.447,2026-02-04 14:15:45.447,1,77.48339,24.0,41,UTC+0530,US7nt0+2+q,d295a779-07df-44d2-9ea7-9d65cf67aec4,com.sec.android.app.shealth,km/h,0,16.0,18,84cdeb66-c801-4499-a940-b1077a45af4f,
,0,2026-02-04 14:48:55.848,12.923006,,E. 90,Fair,0,1,TWC,2026-02-04 14:48:55.857,2026-02-04 14:48:55.857,1,77.49585,23.0,45,UTC+0530,US7nt0+2+q,8f476387-b28b-4c7d-988c-1c4ce6ce1e63,com.sec.android.app.shealth,km/h,0,16.0,18,1c7125fb-1383-4267-b551-188b940ae73c,
,0,2026-02-05 03:49:27.670,12.923465,,ENE. 60,Fair,0,1,TWC,2026-02-05 03:49:27.677,2026-02-05 03:49:27.677,1,77.5021,21.0,54,UTC+0530,US7nt0+2+q,116f0e43-0a0d-44ef-ad0b-50e554d5407b,com.sec.android.app.shealth,km/h,0,0.0,1,3b037597-bd34-4794-9cb0-2aa373b7c2d3,
,0,2026-02-06 03:53:49.990,12.923551,,E. 90,Fair,0,1,TWC,2026-02-06 03:53:50.005,2026-02-06 03:53:50.005,1,77.50165,22.0,47,UTC+0530,US7nt0+2+q,6fc7b49c-7ef6-4774-bb55-2de6b258091d,com.sec.android.app.shealth,km/h,0,3.0,1,ebf99f2f-457c-41e7-9551-66c181cef727,
,0,2026-02-06 10:20:49.426,12.922371,,ENE. 70,Fair,0,1,TWC,2026-02-06 10:20:49.453,2026-02-06 10:20:49.453,1,77.49645,29.0,24,UTC+0530,US7nt0+2+q,5af25e7b-3c92-424e-a418-e0337a46a3cc,com.sec.android.app.shealth,km/h,0,14.0,1,0b9ec3e8-542f-43cc-8afc-d1dfa7368e0b,
,0,2026-02-07 14:36:11.166,13.681337,,E. 90,Clear,0,1,TWC,2026-02-07 14:36:11.174,2026-02-07 14:36:11.174,1,79.35032,20.0,67,UTC+0530,US7nt0+2+q,ccea1f27-4a4d-48b2-a62b-e6f7786351eb,com.sec.android.app.shealth,km/h,0,6.0,18,95e19507-29d6-44ae-a1e9-6d77c0a95c99,
,0,2026-02-08 01:40:32.803,13.681494,,W. 280,Sunny,0,1,TWC,2026-02-08 01:40:32.819,2026-02-08 01:40:32.819,1,79.35004,16.0,76,UTC+0530,US7nt0+2+q,c4fb1ef1-2b02-41a0-a183-302ef3a6df87,com.sec.android.app.shealth,km/h,0,5.0,1,2a57eb89-a089-4542-874c-715ed152964c,
,0,2026-02-08 02:31:02.425,13.685295,,NW. 310,Sunny,0,1,TWC,2026-02-08 02:31:02.432,2026-02-08 02:31:02.432,1,79.34884,18.0,69,UTC+0530,US7nt0+2+q,01eea83a-57aa-40ce-83a6-ccb384fb20c1,com.sec.android.app.shealth,km/h,0,3.0,1,470a5188-78c6-460f-9552-9343118b6681,
,0,2026-02-09 06:05:27.621,12.923414,,E. 100,Fair,0,1,TWC,2026-02-09 06:05:27.633,2026-02-09 06:05:27.633,1,77.50145,27.0,35,UTC+0530,US7nt0+2+q,fff82609-4a4a-407c-a81d-cb77cdd2a5c9,com.sec.android.app.shealth,km/h,0,11.0,1,04094ea9-fe9e-41a6-bc4b-0dc94b837aab,
,0,2026-02-10 10:56:45.708,12.922234,,E. 90,Fair,0,1,TWC,2026-02-10 10:56:45.716,2026-02-10 10:56:45.716,1,77.496315,29.0,23,UTC+0530,US7nt0+2+q,07f7501f-9a16-4d45-9cff-95ab2bcb1313,com.sec.android.app.shealth,km/h,0,11.0,1,6c601f18-70e0-4f74-8d98-1f990de857f3,
,0,2026-02-11 04:52:23.060,12.923217,,NE. 50,Fair,0,1,TWC,2026-02-11 04:52:23.064,2026-02-11 04:52:23.064,1,77.499146,22.0,39,UTC+0530,US7nt0+2+q,fa5916cf-8ba1-4b15-8fba-354b06b227fc,com.sec.android.app.shealth,km/h,0,18.0,1,fb8a4b92-2389-4a60-9636-e9732efac9be,
,0,2026-02-12 04:25:20.597,12.922322,,E. 80,Fair,0,1,TWC,2026-02-12 04:25:20.611,2026-02-12 04:25:20.611,1,77.49989,22.0,50,UTC+0530,US7nt0+2+q,8b1d1d83-0eaa-4f88-a77d-db3824ea2ebe,com.sec.android.app.shealth,km/h,0,16.0,1,5bc0db9b-2338-44e0-9cab-71789559c315,
,0,2026-02-14 18:16:05.689,15.269227,,ESE. 110,Clear,0,1,TWC,2026-02-14 18:16:05.695,2026-02-14 18:16:05.695,1,76.377495,22.0,50,UTC+0530,US7nt0+2+q,ab3dabbc-4fae-4382-aa5d-12e3442ec3c5,com.sec.android.app.shealth,km/h,0,3.0,18,07c35976-138e-4c01-bfeb-eabc2290d3dc,
,0,2026-02-15 16:26:33.803,15.269244,,ENE. 70,Clear,0,1,TWC,2026-02-15 16:26:33.811,2026-02-15 16:26:33.811,1,76.37761,24.0,47,UTC+0530,US7nt0+2+q,29c51e22-7fe5-46d3-b044-95bc728f98af,com.sec.android.app.shealth,km/h,0,6.0,18,ae9e8437-de93-43cc-84af-cf8ca7b3e50c,
,0,2026-02-16 16:37:35.513,15.269169,,ESE. 120,Clear,0,1,TWC,2026-02-16 16:37:35.527,2026-02-16 16:37:35.527,1,76.3775,25.0,43,UTC+0530,US7nt0+2+q,979c9c88-4da9-4cd5-8066-56b042acfbf7,com.sec.android.app.shealth,km/h,0,8.0,18,0beb20c0-2691-4860-b616-9dd1556529f4,
,0,2026-02-19 14:22:17.093,12.917753,,E. 90,Fair,0,1,TWC,2026-02-19 14:22:17.105,2026-02-19 14:22:17.105,1,77.511925,26.0,46,UTC+0530,US7nt0+2+q,cea0c898-347a-4741-900c-6f6d06d546f4,com.sec.android.app.shealth,km/h,0,14.0,18,ebbcea67-f54f-4b97-bc69-31418fb70250,
,0,2026-02-19 14:43:11.460,12.90483,,E. 90,Fair,0,1,TWC,2026-02-19 14:43:11.465,2026-02-19 14:43:11.465,1,77.512436,26.0,48,UTC+0530,US7nt0+2+q,5413015e-442a-4479-8ff0-19d1dd1eaa22,com.sec.android.app.shealth,km/h,0,16.0,18,883e14cf-662b-483e-bd03-d7624e221a25,
,0,2026-02-19 15:04:24.356,12.902619,,E. 90,Fair,0,1,TWC,2026-02-19 15:04:24.360,2026-02-19 15:04:24.360,1,77.51999,26.0,49,UTC+0530,US7nt0+2+q,793f748e-c694-4347-958d-bf353a3e180d,com.sec.android.app.shealth,km/h,0,16.0,18,5b454b2e-f122-42ce-8d64-f68748351bad,
,0,2026-02-19 15:36:57.576,12.904791,,E. 90,Fair,0,1,TWC,2026-02-19 15:36:57.586,2026-02-19 15:36:57.586,1,77.50486,24.0,56,UTC+0530,US7nt0+2+q,1325fb5f-242a-4abc-9a28-80a567a7801c,com.sec.android.app.shealth,km/h,0,3.0,18,365e7566-8b14-4537-ae9e-ebc514dc7cc3,
,0,2026-02-19 17:23:39.683,12.922388,,E. 100,Fair,0,1,TWC,2026-02-19 17:23:39.689,2026-02-19 17:23:39.689,1,77.496414,23.0,63,UTC+0530,US7nt0+2+q,a13420fb-420f-4512-950c-7a51414219d0,com.sec.android.app.shealth,km/h,0,18.0,18,0a7dcebf-c785-407b-b458-fd1eb881a142,
,0,2026-02-20 04:12:03.649,12.923523,,E. 90,Fair,0,1,TWC,2026-02-20 04:12:03.664,2026-02-20 04:12:03.664,1,77.501686,26.0,45,UTC+0530,US7nt0+2+q,dfea9e94-f4be-45b5-8b3f-c310b1794584,com.sec.android.app.shealth,km/h,0,3.0,1,108244b6-83a4-4055-81a3-e3f5073f6584,
,0,2026-02-21 15:26:05.544,12.9232435,,E. 90,Fair,0,1,TWC,2026-02-21 15:26:05.547,2026-02-21 15:26:05.547,1,77.48467,26.0,60,UTC+0530,US7nt0+2+q,4c798411-1f12-4f11-9873-5922d263a938,com.sec.android.app.shealth,km/h,0,3.0,18,f984d300-ec05-417f-891d-450ae1238e9a,
,0,2026-02-21 15:56:57.436,12.92219,,E. 90,Fair,0,1,TWC,2026-02-21 15:56:57.439,2026-02-21 15:56:57.439,1,77.496376,25.0,62,UTC+0530,US7nt0+2+q,55950c37-da2c-4ec5-acec-8d89fc09a8c9,com.sec.android.app.shealth,km/h,0,3.0,18,471d82c6-83a2-4129-8d0a-d30666750e51,
,0,2026-02-22 13:16:49.262,12.922914,,ENE. 60,Partly Cloudy,0,1,TWC,2026-02-22 13:16:49.274,2026-02-22 13:16:49.274,1,77.484726,29.0,36,UTC+0530,US7nt0+2+q,842cb075-f1c6-46a6-8c83-63a0bfbe2f4b,com.sec.android.app.shealth,km/h,0,13.0,19,3787acdd-db4b-4478-9c60-42c05282991b,
,0,2026-02-22 14:49:40.489,12.922239,,E. 90,Partly Cloudy,0,1,TWC,2026-02-22 14:49:40.509,2026-02-22 14:49:40.509,1,77.49631,27.0,48,UTC+0530,US7nt0+2+q,4390fd49-ba7c-4dc7-8f4c-9fb2ad45df2d,com.sec.android.app.shealth,km/h,0,18.0,19,014dfeb6-3f65-4f64-9a31-0fa28a1acace,
,0,2026-02-23 04:01:51.573,12.923397,,E. 90,Fair,0,1,TWC,2026-02-23 04:01:51.603,2026-02-23 04:01:51.603,1,77.50163,26.0,55,UTC+0530,US7nt0+2+q,b214a5a4-0a2e-45c3-a72b-93c394e576e3,com.sec.android.app.shealth,km/h,0,3.0,1,91c7ee1d-509b-4446-b986-3fbb8e94ace6,
,0,2026-02-23 14:37:25.563,12.924838,,NE. 50,Fair,0,1,TWC,2026-02-23 14:37:25.576,2026-02-23 14:37:25.576,1,77.50288,28.0,39,UTC+0530,US7nt0+2+q,c9e8c6a3-b2e4-45a3-a814-490592166fdb,com.sec.android.app.shealth,km/h,0,5.0,18,4b1b2d3a-6a67-474e-b6ab-6ef714704b66,
,0,2026-02-23 14:48:27.081,12.922814,,ESE. 120,Fair,0,1,TWC,2026-02-23 14:48:27.086,2026-02-23 14:48:27.086,1,77.49612,27.0,41,UTC+0530,US7nt0+2+q,157b37ee-7370-4a5d-aa68-c98695c3d2da,com.sec.android.app.shealth,km/h,0,24.0,18,b1e64799-b048-4beb-998d-68746215c0ad,
,0,2026-02-25 04:38:23.746,12.923469,,S. 190,Haze,0,1,TWC,2026-02-25 04:38:23.767,2026-02-25 04:38:23.767,1,77.50171,27.0,54,UTC+0530,US7nt0+2+q,9b12abe7-f30c-4388-8414-c12e3b4e8937,com.sec.android.app.shealth,km/h,0,0.0,4,13799614-9a16-4749-a82f-df89f78c1ebd,
,0,2026-02-25 09:27:39.389,12.922233,,NNE. 20,Partly Cloudy,0,1,TWC,2026-02-25 09:27:39.396,2026-02-25 09:27:39.396,1,77.49636,30.0,36,UTC+0530,US7nt0+2+q,5741dd9c-a3c8-4e12-8b6b-67057334619a,com.sec.android.app.shealth,km/h,0,3.0,2,8995d369-1cd4-43e6-ae37-3f79563cf7d4,
,0,2026-02-25 12:31:38.124,12.916495,,NE. 50,Fair,0,1,TWC,2026-02-25 12:31:38.130,2026-02-25 12:31:38.130,1,77.48217,28.0,38,UTC+0530,US7nt0+2+q,cebf90e3-a1dd-4c4d-8e81-044cac552f9f,com.sec.android.app.shealth,km/h,0,3.0,1,54bbd9e7-06de-419d-8243-38772eeae0f9,
,0,2026-03-01 13:55:02.695,12.902848,,E. 100,Partly Cloudy,0,1,TWC,2026-03-01 13:55:02.703,2026-03-01 13:55:02.703,1,77.521614,28.0,37,UTC+0530,US7nt0+2+q,84dd6423-f0b8-4613-ad31-3b57e6806672,com.sec.android.app.shealth,km/h,0,11.0,19,403b749c-f708-4c47-ba4c-33f9a051d8bd,
,0,2026-03-01 16:25:30.640,12.922215,,E. 90,Partly Cloudy,0,1,TWC,2026-03-01 16:25:30.653,2026-03-01 16:25:30.653,1,77.49629,26.0,46,UTC+0530,US7nt0+2+q,9d23f31c-21d4-4b66-8b72-0111aad1a195,com.sec.android.app.shealth,km/h,0,10.0,19,2b793f59-b46f-418e-9bc3-e093c01d45ad,
,0,2026-03-02 05:51:45.047,12.923443,,SE. 140,Fair,0,1,TWC,2026-03-02 05:51:45.051,2026-03-02 05:51:45.051,1,77.501884,30.0,34,UTC+0530,US7nt0+2+q,93c1035c-5a00-403f-ac65-8abd16a32f36,com.sec.android.app.shealth,km/h,0,8.0,1,155bb102-0a18-4f2e-8c5c-a2c4666bd13b,
,0,2026-03-03 08:55:59.731,12.92198,,ENE. 70,Fair,0,1,TWC,2026-03-03 08:55:59.739,2026-03-03 08:55:59.739,1,77.496155,32.0,25,UTC+0530,US7nt0+2+q,866b2fbe-5082-452b-89b8-ea495f82ef7d,com.sec.android.app.shealth,km/h,0,23.0,1,ac56d4fb-c4b2-4bb8-8b68-755fb7ccdee1,
,0,2026-03-04 13:40:02.769,12.907771,,E. 100,Fair,0,1,TWC,2026-03-04 13:40:02.772,2026-03-04 13:40:02.772,1,77.499405,28.0,33,UTC+0530,US7nt0+2+q,e26fb10e-2f1f-4f3d-bf45-6f5adc28916d,com.sec.android.app.shealth,km/h,0,11.0,18,4acdf0e1-4cee-4423-a06a-8860b6914046,
,0,2026-03-04 13:40:02.794,12.907778,,E. 100,Fair,0,1,TWC,2026-03-04 13:40:02.796,2026-03-04 13:40:02.796,1,77.499405,28.0,33,UTC+0530,US7nt0+2+q,2e2f7a33-6506-493d-a54d-018b5e5d961d,com.sec.android.app.shealth,km/h,0,11.0,18,7e11596e-d02c-4f66-bc80-fe496e60deb7,
,0,2026-03-05 01:24:47.656,12.922299,,E. 100,Sunny,0,1,TWC,2026-03-05 01:24:47.659,2026-03-05 01:24:47.659,1,77.49643,21.0,63,UTC+0530,US7nt0+2+q,f04ccbc6-080a-44f5-a115-f7462dc3d6d3,com.sec.android.app.shealth,km/h,0,3.0,1,5ea1e1e8-14f5-4096-884d-3bce4ebb13cb,
,0,2026-03-05 05:35:27.375,12.923471,,ENE. 70,Sunny,0,1,TWC,2026-03-05 05:35:27.383,2026-03-05 05:35:27.383,1,77.50216,29.0,31,UTC+0530,US7nt0+2+q,7d6c85ca-eaf4-40b1-aee0-7f040a3c5c92,com.sec.android.app.shealth,km/h,0,8.0,1,f22a3f15-9c35-4fbb-b48f-9da287643660,
,0,2026-03-06 04:02:40.158,12.923554,,E. 90,Fair,0,1,TWC,2026-03-06 04:02:40.162,2026-03-06 04:02:40.162,1,77.50166,27.0,55,UTC+0530,US7nt0+2+q,3181fea2-3e47-482d-9f11-89d4ba71a0f7,com.sec.android.app.shealth,km/h,0,3.0,1,f4f1f162-28c4-4e76-a721-8bc78231583f,
,0,2026-03-07 02:01:40.064,12.970197,,SSW. 210,Haze,0,1,TWC,2026-03-07 02:01:40.078,2026-03-07 02:01:40.078,1,77.59177,23.0,65,UTC+0530,US7nt0+2+q,5ffca35c-fac9-44d4-9d24-3ec1f10f2181,com.sec.android.app.shealth,km/h,0,3.0,4,a573656e-30bc-4280-8749-3ba68c543292,
