com.samsung.shealth.social.friends,6311013,2
nick_name,device_type,msisdn,status,image_url,update_time,create_time,blocked,uid,level,gdpr_restricted,deviceuuid,pkg_name,invitation_allowed,display_name,datauuid
Padma,ANDROID,919311597095,0,,2025-01-17 15:45:16.299,2025-01-17 15:45:16.299,0,5923093,1,0,US7nt0+2+q,com.sec.android.app.shealth,1,Nikhil's Mom,f62ffc67-e14f-467c-bc5e-52d5e3e7a9a0,
Avinash,ANDROID,919880212874,0,,2025-01-17 15:45:16.300,2025-01-17 15:45:16.300,0,32734810,15,0,US7nt0+2+q,com.sec.android.app.shealth,1,DP U,101bb126-7f2c-423c-8aa9-c84edbbc1eda,
Smit,ANDROID,19842894249,0,https://d3tqs16tcqd0gr.cloudfront.net/f0a4/ab52c3a8-18a1-4bb1-909f-35dccc184327.jpg,2025-01-17 15:45:16.300,2025-01-17 15:45:16.300,0,32750824,1,0,US7nt0+2+q,com.sec.android.app.shealth,1,Smit,b6cea4c2-ede6-4c1c-a667-d5a0c640d385,
shete.sushant,ANDROID,14433640442,0,,2025-12-16 06:57:50.573,2025-01-17 15:45:16.300,0,81985672,1,0,US7nt0+2+q,com.sec.android.app.shealth,0,Sushant Mama,fd9ee52d-9aaf-44c6-b689-20137fc7551f,
nikhilanand7070,ANDROID,917070555703,0,,2025-01-17 15:45:16.300,2025-01-17 15:45:16.300,0,83176104,1,0,US7nt0+2+q,com.sec.android.app.shealth,0,Nikhil Anand RVU,8500d548-4919-41f4-9f9a-e9eef2c5ed3b,
abhay.chougala355,ANDROID,916361585885,0,,2025-01-17 15:45:16.300,2025-01-17 15:45:16.300,0,92701471,1,0,US7nt0+2+q,com.sec.android.app.shealth,0,Abhay Chougala RVU,67b2275f-b480-4da2-ac75-c149c431cfdd,
sanihasani9587,ANDROID,917625017032,0,,2025-01-17 15:45:16.300,2025-01-17 15:45:16.300,0,100380030,1,0,US7nt0+2+q,com.sec.android.app.shealth,0,Samsung Service Center,5e50212c-3125-4536-889d-4a99d1de05d7,
bsuhas2005,ANDROID,917259696583,0,,2025-01-17 15:45:16.301,2025-01-17 15:45:16.301,0,111525186,1,0,US7nt0+2+q,com.sec.android.app.shealth,0,Suhas (College),1a0993eb-4bce-44de-9124-5b4a1f4146f1,
mnikhilchakrapani,ANDROID,918618099033,0,https://d3tqs16tcqd0gr.cloudfront.net/5613/0bc0e40b-674a-4744-90c7-05ba022b0cf7.jpg,2025-01-17 15:45:16.301,2025-01-17 15:45:16.301,0,117031710,1,0,US7nt0+2+q,com.sec.android.app.shealth,0,N C,34f2f0ad-657d-4669-ada3-b497fb59ca48,
Vijay Kumar,ANDROID,919019736603,0,,2025-08-05 10:19:13.864,2025-08-02 13:18:36.346,0,128735558,3,0,US7nt0+2+q,com.sec.android.app.shealth,0,Fantom Code,f9ef83b3-3528-4939-9472-081ab8eabc9f,
kalshettyjagadish202,ANDROID,919901129847,0,,2025-10-15 12:02:58.782,2025-10-15 12:02:58.782,0,129298435,2,0,US7nt0+2+q,com.sec.android.app.shealth,0,Jagadish RVU,f8b48a26-53ad-4a5b-b36e-66361559bbeb,
mabhiraamshetty,ANDROID,918217649481,0,,2025-11-18 17:26:53.809,2025-11-18 17:26:53.809,0,129532867,1,0,US7nt0+2+q,com.sec.android.app.shealth,0,Abhiraam,c0b69ffa-2bb3-4b91-a9c8-3ead092bb320,
