com.samsung.shealth.badge,6311013,1
number_of_streak,start_time,exercise_type,device_type,status,sleep_coaching_session_uuid,update_time,create_time,source_pkg_name,key,program_id,is_shown,time_offset,extra_data,deviceuuid,pkg_name,exercise_data_uuid,controller_id,end_time,datauuid
,2024-06-23 18:30:00.000,,10009,1,,2024-06-24 11:25:20.248,2024-06-24 11:25:20.248,com.sec.android.app.shealth,step_milestone_10k_steps,,,UTC+0530,7667.890363454819,US7nt0+2+q,com.sec.android.app.shealth,,tracker.pedometer,2024-06-23 18:30:00.000,73dee6dd-ab8b-437b-b256-897aefbbfdc4,
7,2025-02-17 18:30:00.000,,,1,,2025-02-24 04:10:21.269,2025-02-13 15:14:39.992,,step_streak_1_week_streak,,,UTC+0530,,US7nt0+2+q,com.sec.android.app.shealth,,tracker.pedometer,2025-02-24 18:29:59.999,c72b15d5-6026-43d5-9b5f-9af2faebe80a,
,2025-04-06 15:35:32.717,1001,,1,,2025-04-06 16:24:46.136,2025-04-06 16:24:43.721,,exercise_goal_first_achieve,,1,UTC+0530,,US7nt0+2+q,com.sec.android.app.shealth,aae4d418-7aae-4ac5-b99e-ed157b7fdc91,tracker.exercise,2025-04-06 16:16:32.438,066cc76c-76a8-432c-a5f9-b69579306130,
,2025-06-09 18:30:00.000,,10009,1,,2025-06-10 14:40:01.125,2025-06-10 14:40:01.125,com.sec.android.app.shealth,step_milestone_20k_steps,,,UTC+0530,14913.550167322159,US7nt0+2+q,com.sec.android.app.shealth,,tracker.pedometer,2025-06-10 18:29:59.999,96c9402b-6476-4f9e-8dd2-bdd4b820df4f,
4,2025-10-09 06:35:03.214,,,1,,2026-01-30 02:18:15.460,2025-10-09 01:54:06.945,,exercise_one_month_streak,,1,UTC+0530,,US7nt0+2+q,com.sec.android.app.shealth,2ae670b8-5973-48e6-b1f6-e0f95d6243b8,tracker.exercise,2026-01-30 07:10:21.166,fa5c3f5c-5b7f-4e6a-9759-bb217adb84be,
14,2026-01-16 00:00:00.000,,,1,,2026-01-29 14:53:03.466,2026-01-10 04:43:34.749,,step_streak_2_week_streak,,,UTC+0000,,US7nt0+2+q,com.sec.android.app.shealth,,tracker.pedometer,2026-01-29 23:59:59.999,990afee9-9b2d-4e98-845f-1f9123c8026d,
21,2026-01-16 00:00:00.000,,,1,,2026-02-05 16:58:25.347,2026-01-29 18:37:08.849,,step_streak_3_week_streak,,,UTC+0000,,US7nt0+2+q,com.sec.android.app.shealth,,tracker.pedometer,2026-02-05 23:59:59.999,676d64ca-a002-4ab3-a449-e5bdda2cf875,
,2026-01-30 01:40:21.166,1002,,1,,2026-01-30 02:18:15.437,2026-01-30 02:18:11.328,,running_5K,,1,UTC+0530,,US7nt0+2+q,com.sec.android.app.shealth,2ae670b8-5973-48e6-b1f6-e0f95d6243b8,tracker.exercise,2026-01-30 02:18:09.551,bccf002f-0b8a-4d2e-a166-43620f83576c,
,2026-01-30 01:40:21.166,1002,,1,,2026-01-30 02:18:15.450,2026-01-30 02:18:11.343,,running_first_run,,1,UTC+0530,,US7nt0+2+q,com.sec.android.app.shealth,2ae670b8-5973-48e6-b1f6-e0f95d6243b8,tracker.exercise,2026-01-30 02:18:09.551,27288518-b8f3-454d-9c9a-c90f1dec73ca,
7,2025-10-09 06:35:03.214,,,2,,2026-03-04 15:20:58.550,2026-01-30 02:18:11.395,,exercise_three_month_streak,,,UTC+0530,,US7nt0+2+q,com.sec.android.app.shealth,2e2f7a33-6506-493d-a54d-018b5e5d961d,tracker.exercise,2026-03-04 19:10:01.524,a6829013-b32c-4b2c-8069-8526a511e75c,
10293,2026-03-07 01:15:36.127,1002,,2,,2026-03-07 01:17:36.137,2026-01-30 02:18:11.411,,running_100K_accumulated,,,UTC+0530,,US7nt0+2+q,com.sec.android.app.shealth,61542acb-a39a-474d-9a01-b120a901b783,tracker.exercise,2026-03-07 01:17:34.199,3b52c342-ee20-47c2-9e25-44f5f77eb9c1,
,2026-01-31 01:54:34.521,0,,1,,2026-01-31 02:32:17.008,2026-01-31 02:32:13.193,,exercise_goal_first_achieve,,1,UTC+0530,,US7nt0+2+q,com.sec.android.app.shealth,0847fe55-0fcd-471c-a2f4-097aad5cced9,tracker.exercise,2026-01-31 02:32:11.790,ccccaa6d-404a-4016-9a48-6122bf0fa092,
3,2026-02-04 00:00:00.000,,,0,,2026-02-07 18:30:00.640,2026-02-04 18:30:02.656,,nutrition_7_days_streak,,,UTC+0530,,US7nt0+2+q,com.sec.android.app.shealth,,goal.nutrition,2026-02-06 23:59:59.999,68e55550-fd62-47a4-9649-e706e4ce198a,
28,2026-01-16 00:00:00.000,,,1,,2026-02-14 02:32:49.178,2026-02-05 18:58:08.778,,step_streak_4_week_streak,,,UTC+0000,,US7nt0+2+q,com.sec.android.app.shealth,,tracker.pedometer,2026-02-12 23:59:59.999,b64dda1f-7e7a-4e07-b71f-63338d1dfcac,
0,2026-03-01 00:00:00.000,,,2,,2026-03-07 14:14:53.799,2026-02-28 18:30:12.749,,daily_activity_month_streak_mar,,,UTC+0000,{"a":false},US7nt0+2+q,com.sec.android.app.shealth,,tracker.daily_activity,2026-03-07 00:00:00.000,6592f12e-5c52-4285-93b3-3f9c6fded30b,
1,2026-03-07 00:00:00.000,,,2,,2026-03-07 07:31:16.624,2026-03-01 15:34:27.850,,step_streak_4_week_streak,,,UTC+0000,,US7nt0+2+q,com.sec.android.app.shealth,,tracker.pedometer,2026-03-07 23:59:59.999,c939f4d3-c09a-4357-989d-31c6ad01266b,
1,2026-03-05 00:00:00.000,,,0,,2026-03-06 18:34:23.524,2026-03-05 18:31:00.170,,water_7_days_streak,,,UTC+0530,,US7nt0+2+q,com.sec.android.app.shealth,,tracker.water,2026-03-05 23:59:59.999,7f0ad944-b9ed-4f33-92ac-9ec1bae7fa17,
