com.samsung.health.food_intake,6311013,6
create_sh_ver,start_time,amount,custom,modify_sh_ver,update_time,create_time,meal_type,client_data_id,name,unit,client_data_ver,calorie,time_offset,deviceuuid,comment,pkg_name,datauuid,food_info_id
63070030,2026-02-04 02:30:36.693,1.0,,63070030,2026-02-04 15:16:02.127,2026-02-04 15:16:02.127,100001,,Double Protein Bread(Protein Chef),120001,,146.0,UTC+0530,US7nt0+2+q,,com.sec.android.app.shealth,146ee8fc-9a0a-40f9-895d-01481dffe2c4,1c284fb1-2dc8-4847-8f3c-6a07a9ac9aed,
63070030,2026-02-04 02:30:36.693,1.0,,63070030,2026-02-04 15:16:02.127,2026-02-04 15:16:02.127,100001,,Peanut Butter(Pintola),120001,,204.0,UTC+0530,US7nt0+2+q,,com.sec.android.app.shealth,8e790f4a-7fdd-412f-a1b0-3da20ed28c64,c44524f6-aec6-4586-aecd-fbf9f6cb89c2,
63070030,2026-02-04 15:16:06.951,1.0,,63070030,2026-02-04 15:18:11.983,2026-02-04 15:18:11.983,100002,,Dal,120001,,198.0,UTC+0530,US7nt0+2+q,,com.sec.android.app.shealth,9b1c445c-e17f-48e0-ad59-fa906de5cb99,b58d5a68-8775-4021-827d-b71812270db2,
63070030,2026-02-04 15:16:06.951,3.0,,63070030,2026-02-04 15:18:11.983,2026-02-04 15:18:11.983,100002,,Chapati(Aashirvaad),120001,,360.0,UTC+0530,US7nt0+2+q,,com.sec.android.app.shealth,5031ab09-22fa-4ce9-a1e6-c63a9ad567b5,3e4a037b-c95f-42ed-9b52-d594aa2478be,
63070030,2026-02-04 15:16:06.951,0.3,,63070030,2026-02-04 15:18:11.983,2026-02-04 15:18:11.983,100002,,Egg,120001,,22.2,UTC+0530,US7nt0+2+q,,com.sec.android.app.shealth,6f01c4be-e75d-444a-899d-d62c0807b5c2,e1d0dffb-d0bf-4ae1-99ce-425a510165aa,
63070030,2026-02-04 15:18:17.390,2.0,,63070030,2026-02-04 15:19:57.312,2026-02-04 15:19:57.312,100003,,1Pc Hot Crispy Chicken(KFC),120001,,530.0,UTC+0530,US7nt0+2+q,,com.sec.android.app.shealth,03b4e675-68e9-40e1-b190-691a01e1cb30,01615963-c93c-462e-b60d-dad08f69120d,
63070030,2026-02-04 15:18:17.390,3.0,,63070030,2026-02-04 15:19:57.312,2026-02-04 15:19:57.312,100003,,2Pc Hot Wings(KFC),120001,,801.0,UTC+0530,US7nt0+2+q,,com.sec.android.app.shealth,ead5b9d4-28fc-4a2e-99e1-39bfad960c82,e47316c7-ce1a-4394-9dc8-c0082c307068,
63070030,2026-02-04 15:18:17.390,1.2,,63070030,2026-02-04 15:19:57.312,2026-02-04 15:19:57.312,100003,,6Pc Boneless Strips(KFC),120001,,860.4,UTC+0530,US7nt0+2+q,,com.sec.android.app.shealth,7157dfc2-9f7c-4324-9b6e-4d75128d430e,7354efd9-8d75-4d8c-9d02-8bc0691225a4,
63070030,2026-02-04 15:25:12.238,0.0,,63070030,2026-02-04 15:25:12.240,2026-02-04 15:25:12.240,100004,,,-1,,0.0,UTC+0530,US7nt0+2+q,,com.sec.android.app.shealth,f0e72814-c63c-436e-bfb3-9ee61a8cefbe,meal_skipped,
63070030,2026-02-05 05:48:03.193,1.0,,63070030,2026-02-05 05:48:12.384,2026-02-05 05:48:12.384,100001,,Double Protein Bread(Protein Chef),120001,,146.0,UTC+0530,US7nt0+2+q,,com.sec.android.app.shealth,6fb7d1a6-3b48-4323-b012-ec334de84b96,1c284fb1-2dc8-4847-8f3c-6a07a9ac9aed,
63070030,2026-02-05 05:48:03.193,1.0,,63070030,2026-02-05 05:48:12.384,2026-02-05 05:48:12.384,100001,,Peanut Butter(Pintola),120001,,204.0,UTC+0530,US7nt0+2+q,,com.sec.android.app.shealth,687c40ca-7fca-4c56-b502-d68062dbeb0f,c44524f6-aec6-4586-aecd-fbf9f6cb89c2,
63070030,2026-02-05 06:04:26.507,1.0,,63070030,2026-02-05 06:04:29.832,2026-02-05 06:04:29.832,100004,,Protein ladoo,120001,,135.0,UTC+0530,US7nt0+2+q,,com.sec.android.app.shealth,90f76323-0e9f-4d57-9b47-0f82c58d1ab6,eb0cb5b9-cd56-4cb7-9f6c-e6e9fb13dd23,
63070030,2026-02-05 08:28:18.504,2.0,,63070030,2026-02-05 08:32:12.122,2026-02-05 08:32:12.122,100002,,Paneer(Nandini),120001,,688.0,UTC+0530,US7nt0+2+q,,com.sec.android.app.shealth,02e003c0-7714-4f38-994a-cb9cf24191f5,09e1d75c-10ea-4584-a929-418fa791a7d5,
63070030,2026-02-05 08:28:18.504,2.0,,63070030,2026-02-05 08:32:12.122,2026-02-05 08:32:12.122,100002,,Malabar Parota(ID),120001,,488.0,UTC+0530,US7nt0+2+q,,com.sec.android.app.shealth,a52e5a40-8003-4762-9fb0-bae1be3578b3,e49ab8f0-5d43-46ca-8e49-edc48b718d20,
63070030,2026-02-05 08:28:18.504,1.0,,63070030,2026-02-05 08:57:39.037,2026-02-05 08:57:39.037,100002,,"Tea (Lemon Flavored, Instant Powder, Unsweetened)",120001,,5.0,UTC+0530,US7nt0+2+q,,com.sec.android.app.shealth,f268fe10-0cb8-40a2-91aa-01f69521b7c5,48908e68-d344-4391-8987-ea810620d675,
63070030,2026-02-05 15:13:59.885,1.0,,63070030,2026-02-05 15:15:22.487,2026-02-05 15:15:22.487,100003,,Lemon Garlic Chicken,120001,,450.0,UTC+0530,US7nt0+2+q,,com.sec.android.app.shealth,4786d898-ff23-484f-b11c-cb134850280d,a5c4abde-dbf8-4fbf-bfe7-6bc4f3c375e4,
63070030,2026-02-05 15:13:59.885,1.0,,63070030,2026-02-05 15:15:22.487,2026-02-05 15:15:22.487,100003,,Chapati(Aashirvaad),120001,,120.0,UTC+0530,US7nt0+2+q,,com.sec.android.app.shealth,e509f526-2112-4e1c-b58d-c0fdba329efb,3e4a037b-c95f-42ed-9b52-d594aa2478be,
63070030,2026-02-06 13:55:49.540,1.0,,63070030,2026-02-06 13:56:03.726,2026-02-06 13:56:03.726,100001,,Double Protein Bread(Protein Chef),120001,,146.0,UTC+0530,US7nt0+2+q,,com.sec.android.app.shealth,62e16ff6-fbb0-4834-b3f8-c4f6d50a49c8,1c284fb1-2dc8-4847-8f3c-6a07a9ac9aed,
63070030,2026-02-06 13:55:49.540,1.0,,63070030,2026-02-06 13:56:03.726,2026-02-06 13:56:03.726,100001,,Peanut Butter(Pintola),120001,,204.0,UTC+0530,US7nt0+2+q,,com.sec.android.app.shealth,7a7c56a5-3c1b-4a67-bd19-23c95a6a337e,c44524f6-aec6-4586-aecd-fbf9f6cb89c2,
63070030,2026-02-06 13:56:14.108,2.0,,63070030,2026-02-06 13:56:41.970,2026-02-06 13:56:41.970,100004,,White Bread,120001,,132.0,UTC+0530,US7nt0+2+q,,com.sec.android.app.shealth,45d95b5a-5af9-4926-bf8e-f7e77e88f283,ed1bbb6b-0b6e-4426-916e-a75eb0346b0f,
63070030,2026-02-06 13:55:49.540,1.0,,63070030,2026-02-06 13:56:57.254,2026-02-06 13:56:57.254,100001,,Protein ladoo,120001,,135.0,UTC+0530,US7nt0+2+q,,com.sec.android.app.shealth,97e45535-4242-4b37-b4de-dcaad16aae86,eb0cb5b9-cd56-4cb7-9f6c-e6e9fb13dd23,
63070030,2026-02-06 13:56:59.932,2.0,,63070030,2026-02-06 14:35:27.234,2026-02-06 14:35:27.234,100002,,Malabar Parota(ID),120001,,488.0,UTC+0530,US7nt0+2+q,,com.sec.android.app.shealth,830e808c-c2f5-4379-87a9-022c729727ff,e49ab8f0-5d43-46ca-8e49-edc48b718d20,
63070030,2026-02-06 13:56:59.932,2.0,,63070030,2026-02-06 14:35:27.234,2026-02-06 14:35:27.234,100002,,Boiled Egg,120001,,154.0,UTC+0530,US7nt0+2+q,,com.sec.android.app.shealth,c92e4508-f254-4a08-a199-0b0fed62ffee,62adb641-f968-4ba4-8b40-64f23f4790b5,
63070030,2026-02-06 12:30:00.000,1.0,,63070030,2026-02-06 18:55:42.311,2026-02-06 18:55:42.311,100003,,Chicken soup,120001,,196.0,UTC+0530,US7nt0+2+q,,com.sec.android.app.shealth,768792ec-7d41-4ef5-9dea-939845e385b6,3c24d523-2d8b-4c67-a125-f289fc344aa1,
63070030,2026-02-06 12:30:00.000,1.5,,63070030,2026-02-06 18:55:42.311,2026-02-06 18:55:42.311,100003,,Grilled Chicken Sandwich,120001,,408.0,UTC+0530,US7nt0+2+q,,com.sec.android.app.shealth,532f86cf-0c4d-42b9-9c88-b19e284131b4,ebae8079-fe9d-48ad-acf8-6242c13118d0,
