com.samsung.shealth.food_frequent,6311013,1
eveningsnack_count,update_time,create_time,morningsnack_count,dinner_count,breakfast_count,deviceuuid,pkg_name,afternoonsnack_count,datauuid,food_info_id,lunch_count
0.0,2026-02-06 13:56:03.761,2026-02-04 15:16:02.153,1.0,0.0,3.0,US7nt0+2+q,com.sec.android.app.shealth,0.0,613b20d9-5ef0-4535-aaa4-a1ee8cfab87d,1c284fb1-2dc8-4847-8f3c-6a07a9ac9aed,0.0,
0.0,2026-02-06 13:56:03.782,2026-02-04 15:16:02.172,1.0,0.0,3.0,US7nt0+2+q,com.sec.android.app.shealth,0.0,d84b28dc-5bce-49b9-a7f1-8e12bea76380,c44524f6-aec6-4586-aecd-fbf9f6cb89c2,0.0,
0.0,2026-02-04 15:18:12.013,2026-02-04 15:18:12.013,0.0,0.0,0.0,US7nt0+2+q,com.sec.android.app.shealth,0.0,eef7b039-9398-43c2-8fa9-253c3d8388e4,b58d5a68-8775-4021-827d-b71812270db2,1.0,
0.0,2026-02-05 15:15:22.529,2026-02-04 15:18:12.029,0.0,1.0,0.0,US7nt0+2+q,com.sec.android.app.shealth,0.0,af98c279-0eae-4c9f-a670-227eccc56fdb,3e4a037b-c95f-42ed-9b52-d594aa2478be,1.0,
0.0,2026-02-04 15:18:12.062,2026-02-04 15:18:12.062,0.0,0.0,0.0,US7nt0+2+q,com.sec.android.app.shealth,0.0,be415eff-ce70-4850-a557-251c50bbda15,e1d0dffb-d0bf-4ae1-99ce-425a510165aa,1.0,
0.0,2026-02-04 15:19:57.341,2026-02-04 15:19:57.341,0.0,1.0,0.0,US7nt0+2+q,com.sec.android.app.shealth,0.0,e2519454-2a5b-4d82-bdeb-eb76c16de6ff,01615963-c93c-462e-b60d-dad08f69120d,0.0,
0.0,2026-02-04 15:19:57.360,2026-02-04 15:19:57.360,0.0,1.0,0.0,US7nt0+2+q,com.sec.android.app.shealth,0.0,181f5859-1eed-498e-845c-d4859982a09f,e47316c7-ce1a-4394-9dc8-c0082c307068,0.0,
0.0,2026-02-04 15:19:57.379,2026-02-04 15:19:57.379,0.0,1.0,0.0,US7nt0+2+q,com.sec.android.app.shealth,0.0,796dfd05-93d0-4440-8330-f06cf847563e,7354efd9-8d75-4d8c-9d02-8bc0691225a4,0.0,
0.0,2026-02-06 13:56:57.276,2026-02-05 06:04:29.856,1.0,0.0,1.0,US7nt0+2+q,com.sec.android.app.shealth,0.0,8c56e884-6862-42b1-82f7-6c28637d68f1,eb0cb5b9-cd56-4cb7-9f6c-e6e9fb13dd23,0.0,
0.0,2026-02-05 08:32:12.148,2026-02-05 08:32:12.148,0.0,0.0,0.0,US7nt0+2+q,com.sec.android.app.shealth,0.0,6b5990b3-5b04-4e99-9652-58522fcac136,09e1d75c-10ea-4584-a929-418fa791a7d5,1.0,
0.0,2026-02-06 14:35:27.269,2026-02-05 08:32:12.170,0.0,0.0,0.0,US7nt0+2+q,com.sec.android.app.shealth,0.0,6eef91fa-e8cd-48ec-925d-8dfde030d175,e49ab8f0-5d43-46ca-8e49-edc48b718d20,2.0,
0.0,2026-02-05 08:57:39.053,2026-02-05 08:57:39.053,0.0,0.0,0.0,US7nt0+2+q,com.sec.android.app.shealth,0.0,16dc413a-4a58-48ab-bd6a-3d51a7a60a01,48908e68-d344-4391-8987-ea810620d675,1.0,
0.0,2026-02-05 15:15:22.510,2026-02-05 15:15:22.510,0.0,1.0,0.0,US7nt0+2+q,com.sec.android.app.shealth,0.0,a709b525-b059-4328-9bad-5805ed8eb4ed,a5c4abde-dbf8-4fbf-bfe7-6bc4f3c375e4,0.0,
0.0,2026-02-06 13:56:42.000,2026-02-06 13:56:42.000,1.0,0.0,0.0,US7nt0+2+q,com.sec.android.app.shealth,0.0,bf71226f-1dea-4c23-8fcf-e38c78a5d821,ed1bbb6b-0b6e-4426-916e-a75eb0346b0f,0.0,
0.0,2026-02-06 14:35:27.294,2026-02-06 14:35:27.294,0.0,0.0,0.0,US7nt0+2+q,com.sec.android.app.shealth,0.0,ee0f20db-9789-4602-adb6-7be01e774fc3,62adb641-f968-4ba4-8b40-64f23f4790b5,1.0,
0.0,2026-02-06 18:55:42.330,2026-02-06 18:55:42.330,0.0,1.0,0.0,US7nt0+2+q,com.sec.android.app.shealth,0.0,8cbeb597-0579-47f7-9b40-0421706e112d,3c24d523-2d8b-4c67-a125-f289fc344aa1,0.0,
0.0,2026-02-06 18:55:42.345,2026-02-06 18:55:42.345,0.0,1.0,0.0,US7nt0+2+q,com.sec.android.app.shealth,0.0,f16cc5cf-a8cf-4656-a46e-02ff64af60e2,ebae8079-fe9d-48ad-acf8-6242c13118d0,0.0,
