com.samsung.health.nutrition,6311013,6
magnesium,potassium,create_sh_ver,vitamin_a,vitamin_c,vitamin_d,vitamin_e,vitamin_k,cholesterol,vitamin_b12,start_time,biotin,phosphorus,copper,custom,thiamin,folate,iodine,niacin,sodium,molybdenum,folic_acid,modify_sh_ver,dietary_fiber,total_fat,update_time,create_time,meal_type,caffeine,monosaturated_fat,protein,manganese,polysaturated_fat,iron,zinc,riboflavin,sugar,title,added_sugar,calories_from_fat,calcium,calorie,time_offset,deviceuuid,polyunsaturated_fat,saturated_fat,trans_fat,pkg_name,selenium,vitamin_b6,carbohydrate,unsaturated_fat,chloride,pantothenic_acid,datauuid,chromium
,0.0,63070030,0.0,0.0,0.0,,,0.0,,2026-02-04 15:16:02.218,,,,,,,,,252.0,,,63070030,10.0,18.7,2026-02-04 15:16:02.232,2026-02-04 15:16:02.232,100001,,0.0,22.8,,0.0,0.0,,,2.2,Breakfast,0.0,,0.0,350.0,UTC+0530,US7nt0+2+q,,2.0,0.0,com.sec.android.app.shealth,,,23.6,,,,fdf05de4-26a2-4ab7-878b-bcb7a8e63797,,
,536.1,63070030,1.2,10.8,0.0,,,76.6,,2026-02-04 15:18:12.099,,,,,,,,,601.0,,,63070030,23.7,10.7,2026-02-04 15:18:12.103,2026-02-04 15:18:12.103,100002,,2.6,21.1,,0.8,25.6,,,6.0,Lunch,0.0,,6.8,580.0,UTC+0530,US7nt0+2+q,,3.2,0.0,com.sec.android.app.shealth,,,74.1,,,,62f51c1b-b0b8-4c43-8c3d-a64ec9dd2d4d,,
,0.0,63070030,0.0,0.0,0.0,,,0.0,,2026-02-04 15:19:57.427,,,,,,,,,2380.0,,,63070030,0.0,128.0,2026-02-04 15:19:57.440,2026-02-04 15:19:57.440,100003,,0.0,133.0,,0.0,0.0,,,0.0,Dinner,0.0,,0.0,2191.0,UTC+0530,US7nt0+2+q,,52.5,0.0,com.sec.android.app.shealth,,,126.6,,,,3cb58026-9777-4cf3-a0d4-17c353a3dbd7,,
,0.0,63070030,0.0,0.0,0.0,,,0.0,,2026-02-05 05:48:12.461,,,,,,,,,252.0,,,63070030,10.0,18.7,2026-02-05 05:48:12.464,2026-02-05 05:48:12.464,100001,,0.0,22.8,,0.0,0.0,,,2.2,Breakfast,0.0,,0.0,350.0,UTC+0530,US7nt0+2+q,,2.0,0.0,com.sec.android.app.shealth,,,23.6,,,,c58941b2-65d1-45a1-b33d-54c4919746a4,,
,190.0,63070030,1.0,0.0,0.0,,,6.0,,2026-02-05 06:04:29.891,,,,,,,,,18.0,,,63070030,3.2,7.0,2026-02-05 06:04:29.897,2026-02-05 06:04:29.897,100004,,0.0,6.5,,0.0,8.0,,,6.0,Morning snack,0.0,,4.0,135.0,UTC+0530,US7nt0+2+q,,2.3,0.0,com.sec.android.app.shealth,,,15.0,,,,37f7b214-9971-4154-aeea-e94f17120e6f,,
,48.0,63070030,0.0,0.0,0.0,,,168.0,,2026-02-05 08:57:39.078,,,,,,,,,525.0,,,63070030,3.1,78.6,2026-02-05 08:57:39.094,2026-02-05 08:32:12.254,100002,,7.8,58.3,,5.2,0.0,,,3.0,Lunch,0.0,,0.0,1181.0,UTC+0530,US7nt0+2+q,,44.6,0.0,com.sec.android.app.shealth,,,59.5,,,,eb56018a-759f-427f-b4c5-4be685cf8c73,,
,500.0,63070030,1.1,19.3,0.0,,,126.0,,2026-02-05 15:15:22.562,,,,,,,,,792.0,,,63070030,7.7,28.6,2026-02-05 15:15:22.575,2026-02-05 15:15:22.575,100003,,12.5,44.3,,5.6,25.2,,,1.2,Dinner,0.0,,12.3,570.0,UTC+0530,US7nt0+2+q,,6.9,0.0,com.sec.android.app.shealth,,,24.3,,,,767a9600-15d0-45ee-b188-97c7c1693102,,
,190.0,63070030,1.0,0.0,0.0,,,6.0,,2026-02-06 13:56:57.305,,,,,,,,,270.0,,,63070030,13.2,25.7,2026-02-06 13:56:57.312,2026-02-06 13:56:03.825,100001,,0.0,29.3,,0.0,8.0,,,8.2,Breakfast,0.0,,4.0,485.0,UTC+0530,US7nt0+2+q,,4.3,0.0,com.sec.android.app.shealth,,,38.6,,,,4517dcf5-0df7-4f88-b84e-99f91ba4f3f8,,
,50.0,63070030,0.0,0.0,0.0,,,0.0,,2026-02-06 13:56:42.044,,,,,,,,,340.0,,,63070030,1.2,1.6,2026-02-06 13:56:42.052,2026-02-06 13:56:42.052,100004,,0.2,3.8,,0.6,10.4,,,2.0,Morning snack,0.0,,7.6,132.0,UTC+0530,US7nt0+2+q,,0.2,0.0,com.sec.android.app.shealth,,,25.2,,,,2f9dc7f8-4efe-4fe0-bcc5-08bbac02922e,,
,126.0,63070030,3.3,0.0,0.0,,,422.0,,2026-02-06 14:35:27.379,,,,,,,,,762.0,,,63070030,3.0,33.0,2026-02-06 14:35:27.388,2026-02-06 14:35:27.388,100002,,11.8,27.8,,6.6,6.6,,,1.0,Lunch,0.0,,5.0,642.0,UTC+0530,US7nt0+2+q,,11.4,0.0,com.sec.android.app.shealth,,,56.4,,,,294d1c2b-9244-4ff8-b190-206b74291bb0,,
,369.0,63070030,2.3,19.2,0.0,,,76.5,,2026-02-06 12:30:00.000,,,,,,,,,673.5,,,63070030,4.7,20.3,2026-02-06 18:55:42.402,2026-02-06 18:55:42.402,100003,,3.6,50.3,,2.4,24.3,,,4.6,Dinner,0.0,,15.7,604.0,UTC+0530,US7nt0+2+q,,4.6,0.0,com.sec.android.app.shealth,,,53.4,,,,142772df-ccee-466b-9455-0b7d2fcbaf0b,,
